Regions,Disparity Ratio_Full Time,Score_Full Time,Grades_Full Time,Disparity Ratio_Income,Score_Income,Grades_Income,Disparity Ratio_Poverty,Score_Poverty,Grades_Poverty,Disparity Ratio_Working Poor,Score_Working Poor,Grades_Working Poor,Disparity Ratio_Homeownership,Score_Homeownership,Grades_Homeownership,Disparity Ratio_Rent Burden,Score_Rent Burden,Grades_Rent Burden,Disparity Ratio_Unemployment,Score_Unemployment,Grades_Unemployment,Disparity Ratio_Naturalization,Score_Naturalization,Grades_Naturalization
Capital Region,0.902,-0.123,C,0.931,-0.187,C,2.371,0.193,C,1.904,0.359,B-,0.587,-0.476,C-,0.725,0.568,B-,5.255,-2.524,E,,,
Central NY,0.891,-0.202,C,0.834,-0.516,C-,5.312,-1.362,D-,1.615,0.520,B-,0.398,-1.277,D-,3.371,-1.557,D-,2.255,-0.604,C-,,,
Finger Lakes,0.951,0.227,C,1.102,0.390,B-,2.249,0.257,B-,2.160,0.215,C,0.668,-0.135,C,1.517,-0.068,C,0.910,0.256,B-,,,
Long Island,1.075,1.113,B,0.700,-0.968,D,1.177,0.824,B,2.553,-0.004,C,0.903,0.858,B,0.303,0.907,B,0.906,0.259,B-,,,
Mid-Hudson,1.023,0.740,B-,0.746,-0.813,D,2.005,0.387,B-,1.964,0.325,B-,0.781,0.342,B-,0.973,0.370,B-,1.082,0.146,C,,,
Mohawk Valley,0.598,-2.311,E,0.952,-0.115,C,0.000,1.447,A-,0.000,1.422,A-,0.726,0.113,C,0.000,1.151,B,0.000,0.838,B,,,
New York City,1.011,0.657,B-,0.577,-1.385,D-,2.330,0.215,C,4.226,-0.939,D,1.017,1.340,A-,1.753,-0.258,C-,1.346,-0.023,C,,,
North Country,0.808,-0.804,D,1.157,0.578,B-,2.798,-0.033,C,6.720,-2.332,E,1.035,1.414,A-,0.000,1.151,B,0.000,0.838,B,,,
Southern Tier,1.034,0.821,B,1.354,1.242,B,2.570,0.088,C,2.004,0.302,B-,0.492,-0.876,D,2.776,-1.079,D,0.000,0.838,B,,,
Western NY,0.903,-0.117,C,1.510,1.773,A,6.551,-2.017,E,2.311,0.131,C,0.391,-1.303,D-,2.908,-1.186,D,1.349,-0.025,C,,,
"St. Lawrence County PUMA, New York",1.225,1.0652558011,B,0.5302218416,-0.655563608,C-,0,0.4804459609,B-,0,0.3395229644,B-,1.2393930009,1.061222723,B,#DIV/0!,#DIV/0!,#DIV/0!,#DIV/0!,#DIV/0!,#DIV/0!,,,
"Clinton, Franklin, Essex & Hamilton Counties PUMA; New York",0.662,-1.607053098,D-,0.704186585,-0.3199460239,C-,2.4664934917,0.0645783498,C,24.2546935153,-1.1650724784,D,1.1918958521,0.9347217931,B,#DIV/0!,#DIV/0!,#DIV/0!,0,0.4119988743,B-,,,
"Warren & Washington Counties PUMA, New York",1.216,1.0246932715,B,0.4145279867,-0.8787633859,D,0,0.4804459609,B-,0,0.3395229644,B-,1.1420889686,0.8020692603,B,#DIV/0!,#DIV/0!,#DIV/0!,0,0.4119988743,B-,,,
"Herkimer (North & Central) & Oneida (Outer) Counties PUMA, New York",1.143,0.6776476305,B-,1.319498854,0.8671313878,B,0,0.4804459609,B-,0,0.3395229644,B-,1.1451560644,0.8102379711,B,#DIV/0!,#DIV/0!,#DIV/0!,0,0.4119988743,B-,,,
"Oneida County (Central)--Greater Utica & Rome Cities PUMA, New York",0.450,-2.6135980363,E,0.9780962312,0.2084880254,C,0,0.4804459609,B-,0,0.3395229644,B-,0.8556308323,0.0391346098,C,0,0.4523664531,B-,0,0.4119988743,B-,,,
"Otsego, Schoharie, Oneida (South) & Herkimer (South) Counties PUMA; New York",0.517,-2.2934070127,E,0.6589978578,-0.4071253635,C-,0,0.4804459609,B-,0,0.3395229644,B-,0.5336030343,-0.8185340489,D,0,0.4523664531,B-,0,0.4119988743,B-,,,
"Jefferson & Lewis Counties PUMA, New York",1.143,0.6790129488,B-,1.461742187,1.1415511516,B,4.6714390452,-0.3071904965,C-,0,0.3395229644,B-,0.6301880023,-0.5612956971,C-,0,0.4523664531,B-,0,0.4119988743,B-,,,
"Oswego County PUMA, New York",1.172,0.8173929264,B,0.8073204886,-0.1209772505,C,0,0.4804459609,B-,#DIV/0!,#DIV/0!,#DIV/0!,1.110583501,0.7181595722,B-,#DIV/0!,#DIV/0!,#DIV/0!,0,0.4119988743,B-,,,
"Onondaga County (Central)--Syracuse City PUMA, New York",0.862,-0.6554921239,C-,0.8901891275,0.0388952148,C,3.7343379575,-0.1491888671,C,0,0.3395229644,B-,0.1489904299,-1.8428871592,E,2.8113060435,-0.0629831876,C,4.0414119037,-0.6266589442,C-,,,
"Onondaga County (North) PUMA, New York",1.139,0.6576237296,B-,0.8383001278,-0.0612104756,C,0,0.4804459609,B-,0,0.3395229644,B-,1.145794874,0.8119393366,B,#DIV/0!,#DIV/0!,#DIV/0!,0,0.4119988743,B-,,,
"Onondaga County (Central)--Syracuse City (Outer) PUMA, New York",0.779,-1.0511158585,D,0.6464680561,-0.4312982027,C-,9.3979940759,-1.1041198847,D,12.9857997736,-0.4660273159,C-,0.4039670648,-1.1637983669,D,4.5800561798,-0.3872185192,C-,0,0.4119988743,B-,,,
"Cayuga & Onondaga (South) Counties PUMA, New York",1.154,0.7276906787,B-,1.3245916035,0.8769564606,B,0,0.4804459609,B-,0,0.3395229644,B-,1.1297052816,0.7690873244,B,#DIV/0!,#DIV/0!,#DIV/0!,0,0.4119988743,B-,,,
"Wayne & Seneca Counties PUMA, New York",0.994,-0.0301248396,C,0.7258926186,-0.2780701448,C-,4.9685586759,-0.357286891,C-,9.4737450563,-0.2481634407,C,0.4111521725,-1.1446620013,D,0,0.4523664531,B-,0,0.4119988743,B-,,,
"Monroe County (East) PUMA, New York",1.165,0.7840538247,B,1.198882443,0.6344348787,B-,0,0.4804459609,B-,0,0.3395229644,B-,0.0953087438,-1.9858595981,E,0,0.4523664531,B-,0,0.4119988743,B-,,,
"Monroe County (Central)--Rochester City (East) PUMA, New York",0.902,-0.4691535016,C-,0.7646285466,-0.2033397233,C,1.2571148465,0.268487831,B-,0.9450643671,0.2808976291,B-,1.5146669118,1.7943700083,A,3.393766756,-0.1697559524,C,19.3397320652,-4.5583838519,E,,,
"Monroe County (Central)--Rochester City (West) PUMA, New York",0.698,-1.4349795166,D-,0.8969555473,0.0519491787,C,1.0947006951,0.2958719637,B-,0,0.3395229644,B-,1.1612689243,0.8531519527,B,38.3157894737,-6.5714253483,E,0,0.4119988743,B-,,,
"Monroe County (Central)--Greece & Gates Towns PUMA, New York",0.667,-1.5846807326,D-,0.8252339927,-0.0864180241,C,2.1041049004,0.1256795359,C,0,0.3395229644,B-,0.876875339,0.0957158979,C,#DIV/0!,#DIV/0!,#DIV/0!,#DIV/0!,#DIV/0!,#DIV/0!,,,
"Monroe County (North & West) PUMA, New York",1.168,0.7956796014,B,1.7242779764,1.6480424423,A-,0,0.4804459609,B-,0,0.3395229644,B-,1.169246646,0.8743993168,B,#DIV/0!,#DIV/0!,#DIV/0!,0,0.4119988743,B-,,,
"Monroe County (South) PUMA, New York",0.993,-0.0348675461,C,1.0162387071,0.2820735425,B-,2.3701983552,0.0808143661,C,0,0.3395229644,B-,0.6400321573,-0.5350773916,C-,1.7255058771,0.1360583671,C,0,0.4119988743,B-,,,
"Genesee & Orleans Counties PUMA, New York",1.221,1.0471914847,B,0.1780407506,-1.3350010888,D-,33.7747035573,-5.2141992231,E,67.3333333333,-3.8373769175,E,#DIV/0!,#DIV/0!,#DIV/0!,#DIV/0!,#DIV/0!,#DIV/0!,0,0.4119988743,B-,,,
"Niagara County (Southwest)--Greater Niagara Falls & North Tonawanda Area PUMA, New York",1.166,0.7880910742,B,0.2335976651,-1.2278191559,D,6.5771922602,-0.6285134757,C-,0,0.3395229644,B-,0.5479239071,-0.7803927336,D,#DIV/0!,#DIV/0!,#DIV/0!,0,0.4119988743,B-,,,
"Niagara County (North & East) PUMA, New York",#DIV/0!,#DIV/0!,#DIV/0!,#DIV/0!,#DIV/0!,#DIV/0!,#DIV/0!,#DIV/0!,#DIV/0!,#DIV/0!,#DIV/0!,#DIV/0!,#DIV/0!,#DIV/0!,#DIV/0!,#DIV/0!,#DIV/0!,#DIV/0!,#DIV/0!,#DIV/0!,#DIV/0!,,,
"Erie County (Northwest) PUMA, New York",0.731,-1.2803578186,D-,1.351827666,0.9295010241,B,3.841324835,-0.1672275837,C,0,0.3395229644,B-,0,-2.2396989343,E,14.5876130143,-2.2217362627,E,0,0.4119988743,B-,,,
"Erie County (North Central) PUMA, New York",1.063,0.2962132591,B-,1.5146308895,1.2435854961,B,8.1763249648,-0.8981381473,D,0,0.3395229644,B-,0.3552869417,-1.2934499564,D-,1.2645973885,0.220548999,C,0,0.4119988743,B-,,,
"Erie County (Northeast) PUMA, New York",1.155,0.7333320762,B-,0.874377976,0.008391905,C,0,0.4804459609,B-,0,0.3395229644,B-,1.0741271174,0.6210639245,B-,#DIV/0!,#DIV/0!,#DIV/0!,0,0.4119988743,B-,,,
"Erie County (Central) PUMA, New York",0.952,-0.2295511633,C,0.7784061933,-0.1767595071,C,7.7028656211,-0.8183096755,D,27.5219304183,-1.3677495294,D-,0.6851030847,-0.4150383077,C-,7.3155922039,-0.8886785116,D,19.4483275568,-4.5862932952,E,,,
"Erie County (West Central)--Buffalo City (East) PUMA, New York",0.394,-2.8795268237,E,0.4865165416,-0.7398810791,C-,6.4650273618,-0.6096017094,C-,0,0.3395229644,B-,0.3477130772,-1.3136217126,D-,#DIV/0!,#DIV/0!,#DIV/0!,0,0.4119988743,B-,,,
"Erie County (West Central)--Buffalo City (West) PUMA, New York",0.660,-1.615141746,D-,0.7034855228,-0.3212985324,C-,3.4527024094,-0.1017031944,C,3.8113205007,0.1030946849,C,0.1606679343,-1.8117860256,E,2.5222231641,-0.0099904662,C,0,0.4119988743,B-,,,
"Erie County (South) PUMA, New York",1.218,1.0333687636,B,0.3417604799,-1.0191484684,D,0,0.4804459609,B-,0,0.3395229644,B-,0,-2.2396989343,E,#DIV/0!,#DIV/0!,#DIV/0!,0,0.4119988743,B-,,,
"Livingston & Wyoming Counties PUMA, New York",#DIV/0!,#DIV/0!,#DIV/0!,#DIV/0!,#DIV/0!,#DIV/0!,0,0.4804459609,B-,#DIV/0!,#DIV/0!,#DIV/0!,1.1141310884,0.7276079942,B-,#DIV/0!,#DIV/0!,#DIV/0!,#DIV/0!,#DIV/0!,#DIV/0!,,,
"Ontario & Yates Counties PUMA, New York",1.206,0.9778661613,B,0.6901311966,-0.3470620669,C-,0,0.4804459609,B-,0,0.3395229644,B-,0.6633896805,-0.4728684277,C-,0,0.4523664531,B-,0,0.4119988743,B-,,,
"Madison & Cortland Counties PUMA, New York",#DIV/0!,#DIV/0!,#DIV/0!,#DIV/0!,#DIV/0!,#DIV/0!,#DIV/0!,#DIV/0!,#DIV/0!,#DIV/0!,#DIV/0!,#DIV/0!,#DIV/0!,#DIV/0!,#DIV/0!,#DIV/0!,#DIV/0!,#DIV/0!,#DIV/0!,#DIV/0!,#DIV/0!,,,
"Fulton & Montgomery Counties PUMA, New York",0.964,-0.1717355921,C,0.7344635686,-0.2615348314,C-,0,0.4804459609,B-,0,0.3395229644,B-,0.6504619326,-0.5072993814,C-,#DIV/0!,#DIV/0!,#DIV/0!,0,0.4119988743,B-,,,
"Schenectady County--Schenectady City PUMA, New York",0.874,-0.5992538611,C-,1.0517319903,0.3505481641,B-,4.0838968768,-0.208126883,C,0,0.3395229644,B-,0.7490428505,-0.2447451418,C,7.6490978158,-0.9498145084,D,0,0.4119988743,B-,,,
"Saratoga County (South & Central) PUMA, New York",0.838,-0.7702261781,D,1.2615903982,0.7554127966,B,0,0.4804459609,B-,0,0.3395229644,B-,0.9157910321,0.1993615164,C,0,0.4523664531,B-,7.2543182843,-1.4523877765,D-,,,
"Saratoga County (Outer) PUMA, New York",0.623,-1.7910780717,E,0.1834363351,-1.3245917782,D-,8.0713246715,-0.8804343823,D,34.232848695,-1.7840490406,E,0.5221308219,-0.8490884203,D,0,0.4523664531,B-,28.5767640389,-6.9323352598,E,,,
"Rensselaer County--Troy City PUMA, New York",0.740,-1.2384604675,D,0.562934473,-0.5924534966,C-,4.5387578238,-0.2848195384,C-,21.5077527441,-0.994671044,D,0,-2.2396989343,E,1.8897378277,0.1059524749,C,6.2761578917,-1.2009969349,D,,,
"Albany County (East Central)--Albany City PUMA, New York",0.560,-2.0934701126,E,0.717377361,-0.2944980147,C-,8.026614661,-0.8728959698,D,0,0.3395229644,B-,0.9211361689,0.2135974189,C,0,0.4523664531,B-,0,0.4119988743,B-,,,
"Albany County (Outside Albany City) PUMA, New York",1.037,0.1741490603,C,0.907423137,0.0721435415,C,0.4983289635,0.3964243017,B-,0,0.3395229644,B-,0.461902061,-1.0094979281,D,0,0.4523664531,B-,6.314950237,-1.2109667113,D,,,
"Columbia & Greene Counties PUMA, New York",0.907,-0.4445047769,C-,1.7882134382,1.7713884997,A,0,0.4804459609,B-,0,0.3395229644,B-,1.1961432015,0.9460339173,B,#DIV/0!,#DIV/0!,#DIV/0!,0,0.4119988743,B-,,,
"Broome County (West Central)--Greater Binghamton City & Greater Johnson City Village PUMA, New York",1.131,0.6184846842,B-,1.4602803579,1.1387309505,B,3.1495151598,-0.050583758,C,6.770718232,-0.0804861275,C,0.3989702807,-1.1771064885,D,6.2010233726,-0.6843632795,C-,0,0.4119988743,B-,,,
"Broome (Outer West) & Tioga Counties PUMA, New York",1.135,0.6393147192,B-,0.6454668573,-0.4332297432,C-,0,0.4804459609,B-,0,0.3395229644,B-,1.1327341603,0.7771542502,B,#DIV/0!,#DIV/0!,#DIV/0!,0,0.4119988743,B-,,,
"Chenango, Delaware & Broome (East) Counties PUMA; New York",1.171,0.8089368541,B,1.1633539374,0.5658923051,B-,0.1957951061,0.4474335718,B-,0,0.3395229644,B-,0.0273425433,-2.1668765178,E,0,0.4523664531,B-,0,0.4119988743,B-,,,
"Tompkins County PUMA, New York",1.118,0.5597918979,B-,0.5573974384,-0.6031356967,C-,3.3082068562,-0.0773402594,C,0.5406417112,0.305985247,B-,0.4128226842,-1.1402128651,D,2.3488877801,0.021784206,C,0,0.4119988743,B-,,,
"Chemung (South) & Steuben (East) Counties--Greater Elmira & Greater Corning Cities PUMA, New York",1.004,0.0170778398,C,2.576163382,3.2915232781,A,0.32643511,0.4254067768,B-,0.6457276474,0.2994664337,B-,0.9623100571,0.3232573725,B-,0,0.4523664531,B-,0,0.4119988743,B-,,,
"Steuben (North & West), Schuyler & Chemung (North) Counties PUMA; New York",0.000,-4.7506121993,E,#DIV/0!,#DIV/0!,#DIV/0!,0,0.4804459609,B-,#DIV/0!,#DIV/0!,#DIV/0!,1.0925278936,0.6700713988,B-,#DIV/0!,#DIV/0!,#DIV/0!,#DIV/0!,#DIV/0!,#DIV/0!,,,
"Cattaraugus & Allegany Counties PUMA, New York",1.189,0.8961127947,B,4.9794259114,7.9279636782,A,0,0.4804459609,B-,0,0.3395229644,B-,1.1886534518,0.9260861872,B,#DIV/0!,#DIV/0!,#DIV/0!,0,0.4119988743,B-,,,
"Chautauqua County PUMA, New York",1.140,0.6657308217,B-,0.1922929005,-1.3075054477,D-,11.0605536332,-1.3844387559,D-,27.8284883721,-1.38676629,D-,#DIV/0!,#DIV/0!,#DIV/0!,#DIV/0!,#DIV/0!,#DIV/0!,0,0.4119988743,B-,,,
"Sullivan & Ulster (West) Counties PUMA, New York",0.952,-0.2274032047,C,0.7401340352,-0.2505952107,C-,0.0770647858,0.4674523129,B-,0.249877076,0.3240222981,B-,1.1913443598,0.933252983,B,#DIV/0!,#DIV/0!,#DIV/0!,0,0.4119988743,B-,,,
"Ulster County (East) PUMA, New York",0.588,-1.9585560345,E,1.1529839634,0.5458862651,B-,3.230972484,-0.064318018,C,11.27692739,-0.3600205507,C-,0.753113541,-0.23390352,C,4.468972106,-0.3668553369,C-,1.1605982888,0.1137208181,C,,,
"Dutchess County (North & East) PUMA, New York",0.899,-0.4798086024,C-,0.8200832996,-0.0963548833,C,2.4516498397,0.0670810907,C,0,0.3395229644,B-,1.0154247053,0.4647195984,B-,0,0.4523664531,B-,0,0.4119988743,B-,,,
"Dutchess County (Southwest) PUMA, New York",0.995,-0.0261039532,C,1.2963424015,0.8224573204,B,1.4112366071,0.2425018518,C,0,0.3395229644,B-,0.9238000171,0.2206921452,C,0,0.4523664531,B-,0,0.4119988743,B-,,,
"Orange County (Northeast)--Greater Newburgh City PUMA, New York",0.976,-0.1159881694,C,0.6716303096,-0.3827544888,C-,0,0.4804459609,B-,#DIV/0!,#DIV/0!,#DIV/0!,1.0522401813,0.5627716304,B-,0,0.4523664531,B-,0,0.4119988743,B-,,,
"Orange County (Northwest) PUMA, New York",1.182,0.8620143338,B,0.5964073957,-0.5278766103,C-,0,0.4804459609,B-,0,0.3395229644,B-,0.8704664821,0.0786469499,C,0,0.4523664531,B-,0,0.4119988743,B-,,,
"Orange County (Southeast) PUMA, New York",1.124,0.5891142257,B-,1.60021578,1.4086982289,A-,0,0.4804459609,B-,0,0.3395229644,B-,0.7254101433,-0.3076870136,C-,0,0.4523664531,B-,0,0.4119988743,B-,,,
"Rockland County (North)--New City & Congers PUMA, New York",0.885,-0.5461600594,C-,0.8450552674,-0.0481782739,C,3.0324014244,-0.0308375841,C,0,0.3395229644,B-,0.7329078047,-0.2877182119,C-,1.1631552851,0.2391446804,C,0,0.4119988743,B-,,,
"Rockland County (South)--Orangetown, Clarkstown (South) & Ramapo (Southeast) Towns PUMA; New York",1.194,0.9178322848,B,0.8270618011,-0.0828917656,C,0,0.4804459609,B-,#DIV/0!,#DIV/0!,#DIV/0!,1.085030302,0.6501027832,B-,7.1959459459,-0.8667457675,D,0,0.4119988743,B-,,,
"Rockland County (West)--Spring Valley, Suffern Villages & Monsey PUMA; New York",1.145,0.6849196478,B-,0.9137940276,0.0844344394,C,2.0511676927,0.1346051099,C,18.7582796548,-0.8241125219,D,0.7225524183,-0.3152980991,C-,1.306442577,0.2128782216,C,0,0.4119988743,B-,,,
"Putnam County PUMA, New York",0.913,-0.41467201,C-,0.6191223805,-0.4840542347,C-,55.0394571195,-8.7995815865,E,48.5904765025,-2.6746981578,E,0.8811476845,0.1070945951,C,10.6752526815,-1.5045487845,D-,2.5180278545,-0.2351436048,C,,,
"Westchester County (Northwest) PUMA, New York",0.998,-0.0092860644,C,0.6658148242,-0.3939738838,C-,3.1145779378,-0.0446931043,C,1.8575480158,0.2242933789,C,0.8126159551,-0.0754285187,C,0,0.4523664531,B-,1.4845495542,0.0304641438,C,,,
"Westchester County (Northeast) PUMA, New York",1.122,0.5780563387,B-,0.4462362523,-0.8175909249,D,5.1849480192,-0.3937716089,C-,13.9382331378,-0.5251097735,C-,0.7654154277,-0.2011394457,C,0,0.4523664531,B-,3.0434182942,-0.3701708925,C-,,,
"Westchester County (Southeast) PUMA, New York",1.113,0.5349425965,B-,0.6275387408,-0.4678171602,C-,0,0.4804459609,B-,0,0.3395229644,B-,0.7249524182,-0.3089060899,C-,0,0.4523664531,B-,1.1559602174,0.1149128196,C,,,
"Westchester County (Central)--White Plains City PUMA, New York",1.162,0.7689873789,B,0.5942683871,-0.5320032448,C-,2.6228356253,0.0382180007,C,9.7481555942,-0.2651859953,C-,0.7557001267,-0.2270145697,C,3.8831839564,-0.2594726088,C-,1.0434265734,0.1438343827,C,,,
"Westchester County (Southwest)--Yonkers City PUMA, New York",0.933,-0.3209268795,C-,0.8957813762,0.0496839353,C,0.2492455296,0.4384214661,B-,0,0.3395229644,B-,0.7165014081,-0.3314139804,C-,0.4592086359,0.3681874268,B-,0.6015651582,0.2573944019,B-,,,
"Westchester County (South Central)--New Rochelle & Mount Vernon Cities PUMA, New York",0.891,-0.5197886566,C-,0.5064902719,-0.7013472073,C-,7.1682901676,-0.728176611,C-,0,0.3395229644,B-,0.5281428095,-0.8330764693,D,2.196381998,0.0497405362,C,2.8383284897,-0.3174620536,C-,,,
"Nassau County (Northwest)--North Hempstead Town (North) PUMA, New York",1.233,1.1055963378,B,0.4875607044,-0.7378666514,C-,0.8826062547,0.3316325317,B-,0,0.3395229644,B-,0.8907720769,0.1327275988,C,#DIV/0!,#DIV/0!,#DIV/0!,0.6158917564,0.2537124131,B-,,,
"Nassau County (Northeast)--Oyster Bay Town (North) & Glen Cove City PUMA, New York",1.121,0.5740128007,B-,0.5699471776,-0.5789243935,C-,2.2516277254,0.1008061823,C,5.5016051876,-0.0017590266,C,0.9137084247,0.1938148304,C,3.1301033948,-0.1214229654,C,1.4981869486,0.026959283,C,,,
"Nassau County (East Central)--Oyster Bay Town (Central) PUMA, New York",1.111,0.5240303781,B-,0.6552151135,-0.4144231381,C-,1.1302966888,0.2898702366,B-,0,0.3395229644,B-,0.9112578681,0.1872881715,C,0.6622555797,0.3309662321,B-,0.5740416203,0.264468053,B-,,,
"Nassau County (West Central)--North Hempstead Town (South) PUMA, New York",1.121,0.5754712226,B-,0.7766148305,-0.1802154535,C,2.1476149367,0.1183434473,C,#DIV/0!,#DIV/0!,#DIV/0!,0.9144219802,0.1957152693,C,0.8447052006,0.2975207996,B-,1.1528287019,0.1157176307,C,,,
"Nassau County (West Central)--Hempstead Town (Northwest) PUMA, New York",1.098,0.4661085906,B-,0.8229136884,-0.0908944191,C,6.8059343328,-0.6670809479,C-,#DIV/0!,#DIV/0!,#DIV/0!,0.8764294395,0.0945283172,C,0,0.4523664531,B-,1.1339816848,0.1205613839,C,,,
"Nassau County (Central)--Hempstead Town (North Central)--Meadowbrook Corridor PUMA, New York",1.042,0.1990734149,C,0.6433408905,-0.4373312169,C-,2.1857052691,0.1119211577,C,#DIV/0!,#DIV/0!,#DIV/0!,0.9182345092,0.2058693201,C,0,0.4523664531,B-,0,0.4119988743,B-,,,
"Nassau County (Central)--Hempstead Town (Northeast) PUMA, New York",0.984,-0.0787197304,C,0.8031197062,-0.129081516,C,0,0.4804459609,B-,0,0.3395229644,B-,1.1296782036,0.7690152065,B,#DIV/0!,#DIV/0!,#DIV/0!,1.3214857713,0.0723721396,C,,,
"Nassau County (Southeast)--Oyster Bay Town (South) PUMA, New York",0.988,-0.05797908,C,0.7968219398,-0.1412313407,C,0,0.4804459609,B-,0,0.3395229644,B-,1.0667608952,0.6014451898,B-,#DIV/0!,#DIV/0!,#DIV/0!,0,0.4119988743,B-,,,
"Nassau County (Central)--Hempstead Town (East Central) PUMA, New York",1.075,0.3565057939,B-,1.0281745741,0.3051005466,B-,0,0.4804459609,B-,#DIV/0!,#DIV/0!,#DIV/0!,1.0642526545,0.5947648988,B-,#DIV/0!,#DIV/0!,#DIV/0!,0,0.4119988743,B-,,,
"Nassau County (South Central)--Hempstead Town (Southeast) PUMA, New York",1.153,0.7245527153,B-,0.4752545678,-0.7616079898,D,0,0.4804459609,B-,0,0.3395229644,B-,0.7847541791,-0.149633827,C,0,0.4523664531,B-,13.9765480056,-3.180025697,E,,,
"Nassau County (West Central)--Hempstead Town (West Central) PUMA, New York",1.081,0.3823199398,B-,0.4979486917,-0.7178258595,C-,0,0.4804459609,B-,0,0.3395229644,B-,1.0223024169,0.4830372645,B-,0,0.4523664531,B-,0,0.4119988743,B-,,,
"Nassau County (Southwest)--Hempstead Town (Southwest) & Long Beach City PUMA, New York",1.150,0.7115053746,B-,0.719292102,-0.2908040434,C-,0,0.4804459609,B-,0,0.3395229644,B-,0.5332791664,-0.8193966183,D,0,0.4523664531,B-,0,0.4119988743,B-,,,
"Suffolk County (Northwest)--Huntington Town (North) PUMA, New York",1.067,0.3151842092,B-,0.3637363176,-0.9767520758,D,15.6998635744,-2.1666580275,E,138.0283783784,-8.2228144219,E,0.9473073495,0.2833001013,B-,33.8444444444,-5.75176857,E,1.9256579513,-0.082902347,C,,,
"Suffolk County (Northwest)--Huntington Town (South) PUMA, New York",1.173,0.8202632183,B,0.8076288793,-0.1203822946,C,0.8103776068,0.3438107739,B-,5.8603244145,-0.0240115161,C,1.0436112429,0.5397898566,B-,#DIV/0!,#DIV/0!,#DIV/0!,0,0.4119988743,B-,,,
"Suffolk County (Northwest)--Smithtown Town PUMA, New York",0.983,-0.0817508311,C,0.6924173668,-0.3426515244,C-,0,0.4804459609,B-,0,0.3395229644,B-,0.7737968724,-0.1788168311,C,0,0.4523664531,B-,0.7312609616,0.2240621004,C,,,
"Suffolk County (North Central)--Brookhaven Town (North) PUMA, New York",0.667,-1.5817659209,D-,0.9478177766,0.1500739951,C,2.9392526529,-0.0151320665,C,#DIV/0!,#DIV/0!,#DIV/0!,1.0610643386,0.5862733381,B-,1.5985727029,0.1593268995,C,5.9406466971,-1.114769316,D,,,
"Suffolk County (East) PUMA, New York",1.228,1.0831032948,B,0.4912001198,-0.7308453908,C-,7.9960812407,-0.8677478271,D,#DIV/0!,#DIV/0!,#DIV/0!,1.1339396445,0.7803648612,B,#DIV/0!,#DIV/0!,#DIV/0!,0,0.4119988743,B-,,,
"Suffolk County (South Central)--Brookhaven Town (South) PUMA, New York",0.864,-0.6461503035,C-,0.3317190521,-1.0385206682,D,4.8728309629,-0.3411465463,C-,8.427672956,-0.1832722758,C,0.8633774681,0.0597665143,C,1.0147133435,0.2663560548,B-,1.5595615425,0.0111857852,C,,,
"Suffolk County (Central)--Brookhaven Town (Central) PUMA, New York",1.060,0.285182718,B-,0.9449650514,0.1445704388,C,0,0.4804459609,B-,#DIV/0!,#DIV/0!,#DIV/0!,0.6822245326,-0.422704863,C-,#DIV/0!,#DIV/0!,#DIV/0!,0.7497257841,0.2193165727,C,,,
"Suffolk County (Central)--Brookhaven Town (West Central) PUMA, New York",1.072,0.3380986779,B-,1.5893875108,1.3878080331,A-,2.0243234341,0.1391312348,C,#DIV/0!,#DIV/0!,#DIV/0!,0.726504664,-0.3047719357,C-,0,0.4523664531,B-,0,0.4119988743,B-,,,
"Suffolk County (Central)--Islip Town (East) PUMA, New York",0.887,-0.5361909976,C-,1.0994055111,0.4425212362,B-,0,0.4804459609,B-,0,0.3395229644,B-,0.7498891755,-0.242491093,C,0,0.4523664531,B-,0,0.4119988743,B-,,,
"Suffolk County (Central)--Islip Town (Northwest) PUMA, New York",0.880,-0.5715599679,C-,0.6651153762,-0.3953232781,C-,0.4556558099,0.4036192862,B-,1.0115311404,0.2767744847,B-,1.0577851726,0.5775398126,B-,#DIV/0!,#DIV/0!,#DIV/0!,#DIV/0!,#DIV/0!,#DIV/0!,,,
"Suffolk County (Southwest)--Islip Town (South) PUMA, New York",1.072,0.3386077883,B-,0.6620691942,-0.4012000566,C-,0.6976820218,0.3628120176,B-,0,0.3395229644,B-,0.9443491731,0.2754214796,B-,0,0.4523664531,B-,0,0.4119988743,B-,,,
"Suffolk County (Southwest)--Babylon Town (Southeast) PUMA, New York",1.126,0.5951975939,B-,0.5660618126,-0.5864201469,C-,0,0.4804459609,B-,#DIV/0!,#DIV/0!,#DIV/0!,1.0400181588,0.5302202616,B-,#DIV/0!,#DIV/0!,#DIV/0!,1.5050140845,0.0252046838,C,,,
"Suffolk County (West Central)--Babylon Town (Northwest) PUMA, New York",0.988,-0.0598723733,C,0.737869603,-0.2549638159,C-,0,0.4804459609,B-,0,0.3395229644,B-,0.7094240311,-0.350263423,C-,0,0.4523664531,B-,1.146423618,0.117363761,C,,,
"NYC-Bronx Community District 8--Riverdale, Fieldston & Kingsbridge PUMA; New York",1.149,0.7060787692,B-,0.4561160412,-0.7985305635,D,0.822849026,0.3417080077,B-,#DIV/0!,#DIV/0!,#DIV/0!,0.668436892,-0.4594260009,C-,0,0.4523664531,B-,0,0.4119988743,B-,,,
"NYC-Bronx Community District 12--Wakefield, Williamsbridge & Woodlawn PUMA; New York",1.099,0.4684777788,B-,0.6706105747,-0.3847217895,C-,1.9701087147,0.1482722059,C,#DIV/0!,#DIV/0!,#DIV/0!,1.0716639914,0.6145037891,B-,2.3454580015,0.0224129299,C,0.8006384296,0.2062318343,C,,,
"NYC-Bronx Community District 10--Co-op City, Pelham Bay & Schuylerville PUMA; New York",0.862,-0.6592049023,C-,0.8571607635,-0.0248240166,C,0.2035210332,0.4461309278,B-,0.4541471049,0.3113507814,B-,0.8254448069,-0.0412609586,C,0,0.4523664531,B-,0.3266384583,0.3280515814,B-,,,
"NYC-Bronx Community District 11--Pelham Parkway, Morris Park & Laconia PUMA; New York",1.285,1.352599394,A-,0.7691392587,-0.1946375331,C,0.979493493,0.3152966831,B-,#DIV/0!,#DIV/0!,#DIV/0!,0.5846280719,-0.6826371608,C-,3.3322097378,-0.1584717355,C,3.1858108108,-0.4067662963,C-,,,
"NYC-Bronx Community District 3 & 6--Belmont, Crotona Park East & East Tremont PUMA; New York",0.850,-0.7144831277,C-,0.5679937783,-0.5826929452,C-,#DIV/0!,#DIV/0!,#DIV/0!,#DIV/0!,#DIV/0!,#DIV/0!,#DIV/0!,#DIV/0!,#DIV/0!,#DIV/0!,#DIV/0!,#DIV/0!,#DIV/0!,#DIV/0!,#DIV/0!,,,
"NYC-Bronx Community District 7--Bedford Park, Fordham North & Norwood PUMA; New York",0.958,-0.2005988119,C,0.7214493455,-0.2866422298,C-,0.4693200318,0.4013154053,B-,#DIV/0!,#DIV/0!,#DIV/0!,0.5369576391,-0.8095996044,D,0.3544020787,0.3873998572,B-,0.7897147589,0.2090392581,C,,,
"NYC-Bronx Community District 5--Morris Heights, Fordham South & Mount Hope PUMA; New York",1.839,3.9845838777,A,0.8726091652,0.0049794662,C,0.412192675,0.410947467,B-,0.2683512519,0.3228762865,B-,#DIV/0!,#DIV/0!,#DIV/0!,1.0443818665,0.2609174215,B-,0,0.4119988743,B-,,,
"NYC-Bronx Community District 4--Concourse, Highbridge & Mount Eden PUMA; New York",#DIV/0!,#DIV/0!,#DIV/0!,#VALUE!,#VALUE!,#VALUE!,0.3417505221,0.422824494,B-,#DIV/0!,#DIV/0!,#DIV/0!,#DIV/0!,#DIV/0!,#DIV/0!,#DIV/0!,#DIV/0!,#DIV/0!,#DIV/0!,#DIV/0!,#DIV/0!,,,
"NYC-Bronx Community District 9--Castle Hill, Clason Point & Parkchester PUMA; New York",0.799,-0.955745102,D,0.3964378117,-0.9136634508,D,#DIV/0!,#DIV/0!,#DIV/0!,#DIV/0!,#DIV/0!,#DIV/0!,0.7905678062,-0.1341501769,C,#DIV/0!,#DIV/0!,#DIV/0!,#DIV/0!,#DIV/0!,#DIV/0!,,,
"NYC-Bronx Community District 1 & 2--Hunts Point, Longwood & Melrose PUMA; New York",0.902,-0.4685180474,C-,2.3818192285,2.9165891735,A,#DIV/0!,#DIV/0!,#DIV/0!,#DIV/0!,#DIV/0!,#DIV/0!,#DIV/0!,#DIV/0!,#DIV/0!,0.0453770044,0.4440482471,B-,#DIV/0!,#DIV/0!,#DIV/0!,,,
"NYC-Manhattan Community District 12--Washington Heights, Inwood & Marble Hill PUMA; New York",0.930,-0.332517745,C-,0.4504166582,-0.8095259704,D,1.1540316536,0.2858683598,B-,2.5378214715,0.1820938623,C,0.1024216458,-1.9669155406,E,1.3481907265,0.2052252327,C,2.3391186538,-0.189163278,C,,,
"NYC-Manhattan Community District 9--Hamilton Heights, Manhattanville & West Harlem PUMA; New York",1.136,0.644768169,B-,0.4001005484,-0.9065971982,D,2.5771491958,0.045921044,C,2.7803465918,0.1670492611,C,0.3641307501,-1.2698959113,D-,3.4586354092,-0.1816472359,C,2.5991844719,-0.2560011558,C-,,,
"NYC-Manhattan Community District 10--Central Harlem PUMA, New York",0.892,-0.5138533438,C-,0.5617484129,-0.5947416767,C-,6.9062874262,-0.6840011634,C-,#DIV/0!,#DIV/0!,#DIV/0!,1.0701937366,0.6105880046,B-,3.3569774954,-0.1630119935,C,0,0.4119988743,B-,,,
"NYC-Manhattan Community District 11--East Harlem PUMA, New York",0.919,-0.3865544139,C-,0.7533331989,-0.2251310198,C,0.9053091435,0.3278046699,B-,1.2599169375,0.2613663271,B-,0.7662788211,-0.1988399379,C,1.553685288,0.1675553573,C,2.8900465946,-0.330753798,C-,,,
"NYC-Manhattan Community District 8--Upper East Side PUMA, New York",0.995,-0.0245336696,C,0.8086725035,-0.1183689061,C,0.8580549145,0.335772055,B-,1.2491646957,0.2620333227,B-,0.8751664049,0.0911644299,C,2.6883505994,-0.0404438258,C,0,0.4119988743,B-,,,
"NYC-Manhattan Community District 7--Upper West Side & West Side PUMA, New York",0.999,-0.0059656063,C,0.6567375683,-0.4114859764,C-,1.0758966533,0.2990424533,B-,10.2388495206,-0.2956252934,C-,0.345224445,-1.3202497795,D-,0.7618838899,0.312703043,B-,0,0.4119988743,B-,,,
"NYC-Manhattan Community District 4 & 5--Chelsea, Clinton & Midtown Business District PUMA; New York",1.013,0.058641753,C,0.83233905,-0.0727107514,C,2.7387963168,0.0186662379,C,6.4429890353,-0.0601560476,C,0.9583939602,0.3128274856,B-,2.6668173717,-0.0364964999,C,2.6306603174,-0.2640905646,C-,,,
"NYC-Manhattan Community District 6--Murray Hill, Gramercy & Stuyvesant Town PUMA; New York",1.016,0.0755347762,C,1.0904294491,0.4252043696,B-,2.464109355,0.0649803315,C,0,0.3395229644,B-,0.930525276,0.2386037782,C,0.1947189392,0.416671892,B-,0,0.4119988743,B-,,,
"NYC-Manhattan Community District 3--Chinatown & Lower East Side PUMA, New York",0.945,-0.2606337064,C-,1.4396421241,1.0989151002,B,0.9804634599,0.31513314,B-,4.6166550392,0.0531372334,C,1.1279947515,0.7645316059,B,0.8951753243,0.2882689573,B-,0,0.4119988743,B-,,,
"NYC-Manhattan Community District 1 & 2--Battery Park City, Greenwich Village & Soho PUMA; New York",1.068,0.3229715674,B-,0.6507935199,-0.4229533985,C-,5.72132287,-0.484208064,C-,10.589580888,-0.3173822707,C-,0.4856607979,-0.9462203972,D,3.8071069272,-0.2455266815,C,1.9877895578,-0.0988703998,C,,,
"NYC-Staten Island Community District 3--Tottenville, Great Kills & Annadale PUMA; New York",0.975,-0.1190741624,C,1.1254786005,0.4928221599,B-,0,0.4804459609,B-,0,0.3395229644,B-,0.6867131565,-0.4107501433,C-,#DIV/0!,#DIV/0!,#DIV/0!,0,0.4119988743,B-,,,
"NYC-Staten Island Community District 2--New Springville & South Beach PUMA, New York",0.994,-0.0317642526,C,0.99252035,0.2363154334,C,2.5818438425,0.0451294946,C,1.0634037999,0.2735566593,B-,0.9328553586,0.2448095743,C,1.002669303,0.268563887,B-,0.1180198848,0.381667327,B-,,,
"NYC-Staten Island Community District 1--Port Richmond, Stapleton & Mariner's Harbor PUMA; New York",1.002,0.0057999716,C,0.7710020313,-0.1910438207,C,1.2549946859,0.2688453045,B-,2.9553480312,0.1561933677,C,1.0455377867,0.5449208924,B-,0,0.4523664531,B-,0,0.4119988743,B-,,,
"NYC-Brooklyn Community District 1--Greenpoint & Williamsburg PUMA, New York",0.665,-1.5939690587,D-,1.0527850448,0.3525797459,B-,2.7696662497,0.0134613568,C,0,0.3395229644,B-,2.3152350882,3.9265531252,A,3.1989017438,-0.1340346142,C,1.2133686386,0.1001586429,C,,,
"NYC-Brooklyn Community District 4--Bushwick PUMA, New York",0.545,-2.1630597916,E,0.7634930042,-0.205530443,C,1.7602757943,0.1836514663,C,2.2695231889,0.1987372544,C,0.8321557305,-0.0233875054,C,2.1276234229,0.0623448939,C,0.5267855071,0.2766130491,B-,,,
"NYC-Brooklyn Community District 3--Bedford-Stuyvesant PUMA, New York",0.810,-0.9015311188,D,0.4790971337,-0.7541948056,D,2.3837248511,0.0785337067,C,3.7445337213,0.1072376803,C,0.6277980834,-0.5676608574,C-,7.155853396,-0.859396272,D,0.6498910675,0.2449744643,C,,,
"NYC-Brooklyn Community District 2--Brooklyn Heights & Fort Greene PUMA, New York",0.940,-0.2845685244,C-,0.8034907632,-0.1283656625,C,2.2887280923,0.0945508076,C,0,0.3395229644,B-,1.0947670027,0.6760349016,B-,2.2786475886,0.0346601636,C,1.6889466906,-0.0220666768,C,,,
"NYC-Brooklyn Community District 6--Park Slope, Carroll Gardens & Red Hook PUMA; New York",1.100,0.4725640402,B-,0.7661922471,-0.2003229892,C,2.8310543034,0.0031109126,C,0,0.3395229644,B-,1.241002889,1.0655103981,B,0,0.4523664531,B-,1.6525063406,-0.012701372,C,,,
"NYC-Brooklyn Community District 8--Crown Heights North & Prospect Heights PUMA, New York",0.966,-0.1636532432,C,0.7072790904,-0.3139798769,C-,5.5786946288,-0.4601599706,C-,#DIV/0!,#DIV/0!,#DIV/0!,0.7135695789,-0.3392224308,C-,0.6877869605,0.3262859918,B-,5.6435918821,-1.038425129,D,,,
"NYC-Brooklyn Community District 16--Brownsville & Ocean Hill PUMA, New York",1.473,2.2457479568,A,1.8574180852,1.9049000147,A,0.1305117353,0.458440793,B-,#DIV/0!,#DIV/0!,#DIV/0!,#DIV/0!,#DIV/0!,#DIV/0!,#DIV/0!,#DIV/0!,#DIV/0!,0,0.4119988743,B-,,,
"NYC-Brooklyn Community District 5--East New York & Starrett City PUMA, New York",1.063,0.2975865562,B-,1.8675138505,1.9243770437,A,#DIV/0!,#DIV/0!,#DIV/0!,#DIV/0!,#DIV/0!,#DIV/0!,0.4706281546,-0.9862573974,D,#DIV/0!,#DIV/0!,#DIV/0!,#DIV/0!,#DIV/0!,#DIV/0!,,,
"NYC-Brooklyn Community District 18--Canarsie & Flatlands PUMA, New York",1.102,0.4841804096,B-,0.7179753104,-0.2933444343,C-,2.4294536159,0.0708235253,C,#DIV/0!,#DIV/0!,#DIV/0!,0.8143217364,-0.0708854477,C,0.4206060304,0.3752637958,B-,0.3829665241,0.31357506,B-,,,
"NYC-Brooklyn Community District 17--East Flatbush, Farragut & Rugby PUMA; New York",1.101,0.4771079081,B-,0.6126346004,-0.4965706392,C-,#DIV/0!,#DIV/0!,#DIV/0!,#DIV/0!,#DIV/0!,#DIV/0!,0.5780440022,-0.7001727595,C-,#DIV/0!,#DIV/0!,#DIV/0!,#DIV/0!,#DIV/0!,#DIV/0!,,,
"NYC-Brooklyn Community District 9--Crown Heights South, Prospect Lefferts & Wingate PUMA; New York",1.264,1.2527287263,A-,1.2390005839,0.7118319033,B-,1.655168613,0.2013732533,C,0,0.3395229644,B-,2.7389973178,5.0551748942,A,3.0350204687,-0.1039930054,C,5.478494421,-0.9959944704,D,,,
"NYC-Brooklyn Community District 7--Sunset Park & Windsor Terrace PUMA, New York",1.071,0.3359104838,B-,1.0960606979,0.4360683303,B-,1.5447834016,0.2199849522,C,1.9706014391,0.2172803171,C,1.1948976262,0.94271653,B,0.7021371658,0.323655409,B-,3.8674122116,-0.5819403792,C-,,,
"NYC-Brooklyn Community District 10--Bay Ridge & Dyker Heights PUMA, New York",1.123,0.5822776114,B-,0.6810758954,-0.3645318041,C-,2.6019111888,0.0417460033,C,3.9702499393,0.0932357886,C,1.3399516785,1.3290444038,A-,2.6689305527,-0.036883874,C,1.9356280395,-0.0854646966,C,,,
"NYC-Brooklyn Community District 12--Borough Park, Kensington & Ocean Parkway PUMA; New York",1.084,0.3993471828,B-,0.6053553413,-0.5106139869,C-,3.8803936523,-0.1738148525,C,15.809787234,-0.6412082004,C-,0.7470535989,-0.25004319,C-,1.9506175115,0.0947924223,C,0,0.4119988743,B-,,,
"NYC-Brooklyn Community District 14--Flatbush & Midwood PUMA, New York",1.019,0.0865266248,C,0.9538537889,0.1617188367,C,2.5610958227,0.0486277521,C,2.683266829,0.1730714262,C,0.4555927057,-1.0263018698,D,2.1849556447,0.0518351381,C,0.3043124563,0.3337894466,B-,,,
"NYC-Brooklyn Community District 15--Sheepshead Bay, Gerritsen Beach & Homecrest PUMA; New York",1.141,0.670364999,B-,0.6491997004,-0.4260282391,C-,0.8264946512,0.3410933304,B-,3.5093962415,0.1218240028,C,0.8880434263,0.1254602817,C,0,0.4523664531,B-,#DIV/0!,#DIV/0!,#DIV/0!,,,
"NYC-Brooklyn Community District 11--Bensonhurst & Bath Beach PUMA, New York",1.132,0.6258016732,B-,0.8982362134,0.0544198749,C,1.2407165398,0.2712526972,B-,2.4244010114,0.1891296926,C,0.9929406526,0.4048369814,B-,0.8341918254,0.2994480405,B-,0.2539361708,0.3467363384,B-,,,
"NYC-Brooklyn Community District 13--Brighton Beach & Coney Island PUMA, New York",1.026,0.1217049617,C,1.088679999,0.4218292822,B-,1.1003857543,0.294913424,B-,3.1694774198,0.1429102437,C,0.6786523598,-0.4322187641,C-,#DIV/0!,#DIV/0!,#DIV/0!,#DIV/0!,#DIV/0!,#DIV/0!,,,
"NYC-Queens Community District 1--Astoria & Long Island City PUMA, New York",0.998,-0.0123446838,C,1.0192037674,0.2877938187,B-,2.7861389834,0.0106839417,C,4.7737583884,0.0433916151,C,1.0979267617,0.6844504059,B-,2.3622999383,0.0193255797,C,2.9671395614,-0.3505669758,C-,,,
"NYC-Queens Community District 3--Jackson Heights & North Corona PUMA, New York",1.152,0.7201134813,B-,0.8486918753,-0.0411624296,C,#DIV/0!,#DIV/0!,#DIV/0!,#DIV/0!,#DIV/0!,#DIV/0!,0.7607153235,-0.2136574088,C,2.7989438047,-0.0607170254,C,#DIV/0!,#DIV/0!,#DIV/0!,,,
"NYC-Queens Community District 7--Flushing, Murray Hill & Whitestone PUMA; New York",1.054,0.2566316081,B-,0.8376943732,-0.062379114,C,2.3818119693,0.0788562316,C,4.3475151147,0.0698328351,C,0.8224135736,-0.0493341555,C,3.2485197835,-0.1431302582,C,0.8779373722,0.1863657199,C,,,
"NYC-Queens Community District 11--Bayside, Douglaston & Little Neck PUMA; New York",1.075,0.3538006775,B-,0.7539223603,-0.2239943934,C,4.4534232924,-0.2704315549,C-,3.3156924956,0.1338400595,C,1.071716745,0.6146442898,B-,#DIV/0!,#DIV/0!,#DIV/0!,0,0.4119988743,B-,,,
"NYC-Queens Community District 13--Queens Village, Cambria Heights & Rosedale PUMA; New York",1.074,0.352044956,B-,0.6900556186,-0.3472078741,C-,0.4042757832,0.4122823089,B-,0.1509658789,0.3301580729,B-,1.3069361665,1.2411129578,B,0,0.4523664531,B-,0.6681591004,0.2402795123,C,,,
"NYC-Queens Community District 8--Briarwood, Fresh Meadows & Hillcrest PUMA; New York",1.043,0.2021603603,C,0.7567053203,-0.2186254301,C,11.1803169783,-1.404631672,D-,#DIV/0!,#DIV/0!,#DIV/0!,0.7353746212,-0.2811482473,C-,6.6854336514,-0.7731621009,D,1.0079940063,0.1529406836,C,,,
"NYC-Queens Community District 4--Elmhurst & South Corona PUMA, New York",0.950,-0.2374464861,C,0.6584384285,-0.4082046299,C-,#DIV/0!,#DIV/0!,#DIV/0!,#DIV/0!,#DIV/0!,#DIV/0!,0.3801222932,-1.2273050374,D,#DIV/0!,#DIV/0!,#DIV/0!,#DIV/0!,#DIV/0!,#DIV/0!,,,
"NYC-Queens Community District 6--Forest Hills & Rego Park PUMA, New York",1.022,0.1027006829,C,0.9550544554,0.1640351957,C,1.0479126251,0.3037607511,B-,0.9007281853,0.2836479428,B-,1.2810595792,1.1721948766,B,0.8948526795,0.2883281024,B-,1.8140087522,-0.0542080896,C,,,
"NYC-Queens Community District 2--Sunnyside & Woodside PUMA, New York",0.949,-0.2456810826,C,0.7233126209,-0.2830475475,C-,1.1482247739,0.2868474393,B-,0.4904784449,0.3090970333,B-,1.2684782746,1.1386866183,B,3.3857827297,-0.1682923746,C,1.0758082411,0.1355121742,C,,,
"NYC-Queens Community District 5--Ridgewood, Glendale & Middle Village PUMA; New York",1.013,0.0617068905,C,0.6975163891,-0.3328143497,C-,1.3736600381,0.2488375174,C,0.7834813326,0.2909211364,B-,1.0293342104,0.5017653028,B-,1.7789707951,0.1262575394,C,0.3023422251,0.3342958033,B-,,,
"NYC-Queens Community District 9--Richmond Hill & Woodhaven PUMA, New York",0.986,-0.0696364411,C,0.6473386629,-0.4296186041,C-,4.3859664168,-0.259057866,C-,#DIV/0!,#DIV/0!,#DIV/0!,0.9168719555,0.20224038,C,#DIV/0!,#DIV/0!,#DIV/0!,9.4081857724,-2.0059396934,E,,,
"NYC-Queens Community District 12--Jamaica, Hollis & St. Albans PUMA; New York",0.874,-0.6004103694,C-,0.7916395334,-0.1512293821,C,1.0193876968,0.3085702484,B-,#DIV/0!,#DIV/0!,#DIV/0!,0.4483968735,-1.0454667983,D,#DIV/0!,#DIV/0!,#DIV/0!,0.6964640307,0.2330050404,C,,,
"NYC-Queens Community District 10--Howard Beach & Ozone Park PUMA, New York",0.842,-0.7501167497,D,1.1629496873,0.5651124147,B-,4.66169279,-0.3055472115,C-,2.1858805446,0.2039258725,C,0.9212017451,0.2137720704,C,#DIV/0!,#DIV/0!,#DIV/0!,3.6009805577,-0.513466458,C-,,,
"NYC-Queens Community District 14--Far Rockaway, Breezy Point & Broad Channel PUMA; New York",1.217,1.0310817305,B,0.5403840624,-0.6359583712,C-,0.8411026252,0.3386303265,B-,0,0.3395229644,B-,1.2926680918,1.2031122617,B,0,0.4523664531,B-,2.5816545105,-0.2514958909,C-,,,
