Regions,Disparity Ratio_Full Time_HS_NBWNH-FBRace,Score_Full Time_HS_NBWNH-FBRace,Grades_Full Time_HS_NBWNH-FBRace,Disparity Ratio-Unemployment_HS_NBWNH-FBRace,Score_Unemployment_HS_NBWNH-FBRace,Grades_Unemployment_HS_NBWNH-FBRace,Disparity Ratio_Poverty_HS_NBWNH-FBRace,Score_Poverty_HS_NBWNH-FBRace,Grades_Poverty_HS_NBWNH-FBRace,Disparity Ratio_Working Poor_HS_NBWNH-FBRace,Score_Working Poor_HS_NBWNH-FBRace,Grades_Working Poor_HS_NBWNH-FBRace,Disparity Ratio-Income_HS_NBWNH-FBRace,Score_Income_HS_NBWNH-FBRace,Grades_Income_HS_NBWNH-FBRace,Disparity Ratio-Rent Burden_HS_NBWNH-FBRace,Score_Rent Burden_HS_NBWNH-FBRace,Grades_Rent Burden_HS_NBWNH-FBRace,Disparity Ratio_Homeownership_HS_NBWNH-FBRace,Score_Homeownership_HS_NBWNH-FBRace,Grades_Homeownership_HS_NBWNH-FBRace
Total GEOG-101,1.0061198653,,,1.0670183724,,,1.6766198798,,,2.6578989194,,,0.735662945,,,0.195014934,,,0.4991633113,,
"St. Lawrence County PUMA, New York",1.049168412,0.2661487059,B-,0,0.4937454477,B-,0.6028717817,0.6370082767,B-,0,0.6689833534,B-,0.9364769206,0.644081006,B-,0,0.4587891429,B-,0.8812573337,0.3174927034,B-
"Clinton, Franklin, Essex & Hamilton Counties PUMA; New York",1.1554457484,0.6258614996,B-,0,0.4937454477,B-,0,0.9650693622,B,0,0.6689833534,B-,0.4935123687,-0.7027173428,C-,#DIV/0!,#DIV/0!,#DIV/0!,0,-1.8016257111,E
"Warren & Washington Counties PUMA, New York",0.2087469377,-2.5783933822,E,0,0.4937454477,B-,0.8928613376,0.4792064168,B-,12.1224018476,-1.072399634,D,0.2837724712,-1.3404147529,D-,#DIV/0!,#DIV/0!,#DIV/0!,1.3390551374,1.4183377332,A-
"Herkimer (North & Central) & Oneida (Outer) Counties PUMA, New York",1.204399238,0.7915524843,B,0,0.4937454477,B-,3.0233432572,-0.6801250238,C-,9.2037710883,-0.6531383345,C-,0.3457998079,-1.1518255886,D,0,0.4587891429,B-,1.0990891387,0.8413026865,B
"Oneida County (Central)--Greater Utica & Rome Cities PUMA, New York",0.709527682,-0.8834201482,D,6.7837835959,-2.5151996349,E,2.5824706618,-0.4402180542,C-,2.9641853933,0.243178131,C,0.6075637315,-0.3559532811,C-,0.2368437724,0.2285130675,C,0.7716726515,0.0539795284,C
"Otsego, Schoharie, Oneida (South) & Herkimer (South) Counties PUMA; New York",1.229162684,0.8753683629,B,0,0.4937454477,B-,0,0.9650693622,B,0,0.6689833534,B-,1.9985458219,3.8732166929,A,#DIV/0!,#DIV/0!,#DIV/0!,0.9961174897,0.593691564,B-
"Jefferson & Lewis Counties PUMA, New York",0,-3.2849310756,E,11.8716951965,-4.7719412267,E,0.4752885067,0.7064344946,B-,#DIV/0!,#DIV/0!,#DIV/0!,#DIV/0!,#DIV/0!,#DIV/0!,0,0.4587891429,B-,0.4651471094,-0.6831081484,C-
"Oswego County PUMA, New York",1.2200811759,0.8446305333,B,2.6676683524,-0.6894980119,C-,1.3408704352,0.23541602,C,3.2183381089,0.2066690942,C,0.7656498548,0.1246949533,C,#DIV/0!,#DIV/0!,#DIV/0!,0.9566779449,0.49885313,B-
"Onondaga County (Central)--Syracuse City PUMA, New York",1.3069102878,1.138517673,B,4.334329074,-1.4287448513,D-,1.5787254407,0.1059839025,C,2.9521468481,0.244907468,C,0.551399899,-0.526714929,C-,0.5039885437,-0.0312237579,C,0.588726606,-0.385942296,C-
"Onondaga County (North) PUMA, New York",1.0232866009,0.1785475402,C,0,0.4937454477,B-,1.2211686159,0.3005534339,B-,3.2716918029,0.1990048362,C,0.7143363173,-0.0313197599,C,#DIV/0!,#DIV/0!,#DIV/0!,0.8304972562,0.1954323121,C
"Onondaga County (Central)--Syracuse City (Outer) PUMA, New York",1.265125142,0.9970891048,B,0,0.4937454477,B-,2.2398624935,-0.2537830426,C-,13.0948029459,-1.2120850487,D,0.3594333679,-1.1103738381,D,0,0.4587891429,B-,0.6364683361,-0.2711399839,C-
"Cayuga & Onondaga (South) Counties PUMA, New York",0.2783259304,-2.3428920543,E,0,0.4937454477,B-,0,0.9650693622,B,0,0.6689833534,B-,1.3088005933,1.7761014024,A,#DIV/0!,#DIV/0!,#DIV/0!,1.047059917,0.7161904435,B-
"Wayne & Seneca Counties PUMA, New York",0.2186554431,-2.5448564466,E,0,0.4937454477,B-,0,0.9650693622,B,0,0.6689833534,B-,1.425113831,2.1297425137,A,#DIV/0!,#DIV/0!,#DIV/0!,0.3629483307,-0.9288607857,D
"Monroe County (East) PUMA, New York",1.2768072635,1.0366291302,B,0,0.4937454477,B-,0,0.9650693622,B,0,0.6689833534,B-,0.6960601167,-0.0868870885,C,#DIV/0!,#DIV/0!,#DIV/0!,1.2195757844,1.1310313047,B
"Monroe County (Central)--Rochester City (East) PUMA, New York",0.8491353385,-0.4108955083,C-,0,0.4937454477,B-,0.782293137,0.5393736447,B-,1.1862007414,0.4985856207,B-,0.640613457,-0.2554682298,C-,0,0.4587891429,B-,0.7942768154,0.1083347071,C
"Monroe County (Central)--Rochester City (West) PUMA, New York",1.1358595419,0.5595688234,B-,0,0.4937454477,B-,1.5754934211,0.107742651,C,2.6179813398,0.2929103422,B-,0.571791337,-0.4647163903,C-,0,0.4587891429,B-,0.6590672729,-0.2167973744,C
"Monroe County (Central)--Greece & Gates Towns PUMA, New York",1.2237882868,0.8571778483,B,0,0.4937454477,B-,0,0.9650693622,B,0,0.6689833534,B-,0.8022678246,0.2360289665,C,#DIV/0!,#DIV/0!,#DIV/0!,1.2312281067,1.1590511008,B
"Monroe County (North & West) PUMA, New York",1.2737501223,1.0262817424,B,0,0.4937454477,B-,0,0.9650693622,B,0,0.6689833534,B-,1.4697380927,2.2654190181,A,#DIV/0!,#DIV/0!,#DIV/0!,1.2483054772,1.2001162573,B
"Monroe County (South) PUMA, New York",1.1926065099,0.7516380932,B,0,0.4937454477,B-,1.9617368282,-0.1024370841,C,7.3138059701,-0.3816448512,C-,0.5579368706,-0.506839789,C-,0.2839521571,0.182711002,C,1.2989997674,1.3220184529,A-
"Genesee & Orleans Counties PUMA, New York",0.99464233,0.0815963831,C,0,0.4937454477,B-,1.6199138169,0.0835706733,C,1.353902418,0.4744952753,B-,0.5579471405,-0.5068085643,C-,#DIV/0!,#DIV/0!,#DIV/0!,1.246056333,1.1947078451,B
"Niagara County (Southwest)--Greater Niagara Falls & North Tonawanda Area PUMA, New York",1.0496811101,0.2678840154,B-,3.4244636389,-1.0251743234,D,2.8109007458,-0.5645214693,C-,8.7279005815,-0.5847795377,C-,0.3224625519,-1.2227806522,D,#DIV/0!,#DIV/0!,#DIV/0!,1.1315822812,0.9194374309,B
"Niagara County (North & East) PUMA, New York",0,-3.2849310756,E,6.0828794992,-2.204313843,E,0,0.9650693622,B,#DIV/0!,#DIV/0!,#DIV/0!,#DIV/0!,#DIV/0!,#DIV/0!,1.2383093525,-0.7451817915,C-,0.4668148918,-0.6790977099,C-
"Erie County (Northwest) PUMA, New York",1.3028910001,1.1249137454,B,0,0.4937454477,B-,6.252461192,-2.4372945696,E,9.402005714,-0.6816147379,C-,0.321169727,-1.226711383,D,0,0.4587891429,B-,0,-1.8016257111,E
"Erie County (North Central) PUMA, New York",1.3908690429,1.422689627,A-,0,0.4937454477,B-,5.8466427337,-2.2164627975,E,0,0.6689833534,B-,0.4333090048,-0.8857608631,D,0,0.4587891429,B-,0,-1.8016257111,E
"Erie County (Northeast) PUMA, New York",0,-3.2849310756,E,0,0.4937454477,B-,0,0.9650693622,B,#DIV/0!,#DIV/0!,#DIV/0!,#DIV/0!,#DIV/0!,#DIV/0!,#DIV/0!,#DIV/0!,#DIV/0!,1.2093676986,1.1064843969,B
"Erie County (Central) PUMA, New York",1.0715487732,0.3418986498,B-,0,0.4937454477,B-,0.9203292543,0.4642593669,B-,0,0.6689833534,B-,1.0171206767,0.8892719071,B,0.5125349768,-0.0395331977,C,1.3203089984,1.3732597669,A-
"Erie County (West Central)--Buffalo City (East) PUMA, New York",0.6315813126,-1.1472422127,D,16.6012009628,-6.8697120233,E,2.7486332475,-0.5306377419,C-,0,0.6689833534,B-,0.7395246336,0.0452633043,C,#DIV/0!,#DIV/0!,#DIV/0!,1.2146974725,1.1193006556,B
"Erie County (West Central)--Buffalo City (West) PUMA, New York",0.8836338686,-0.2941296663,C-,5.55694363,-1.9710351535,E,2.8785988437,-0.6013603331,C-,6.5932489859,-0.2781368427,C-,0.4952108687,-0.6975531889,C-,0.0952012116,0.3662278686,B-,0.1853974872,-1.3558090193,D-
"Erie County (South) PUMA, New York",1.1904663151,0.7443942585,B-,0,0.4937454477,B-,5.8454245491,-2.2157999054,E,15.6345005776,-1.5769126055,D-,0.4938804423,-0.7015982442,C-,0,0.4587891429,B-,0.3131107043,-1.048703002,D
"Livingston & Wyoming Counties PUMA, New York",1.1553439883,0.6255170761,B-,0,0.4937454477,B-,0,0.9650693622,B,0,0.6689833534,B-,0.7169055581,-0.0235081885,C,#DIV/0!,#DIV/0!,#DIV/0!,1.2469294225,1.1968073228,B
"Ontario & Yates Counties PUMA, New York",1.0617362083,0.3086864405,B-,0,0.4937454477,B-,0,0.9650693622,B,0,0.6689833534,B-,0.3030010708,-1.2819517313,D-,#DIV/0!,#DIV/0!,#DIV/0!,0.8373198615,0.2118383129,C
"Madison & Cortland Counties PUMA, New York",1.2210482355,0.8479037028,B,0,0.4937454477,B-,2.229544847,-0.2481685515,C,6.0770947758,-0.203991292,C,0.4213954767,-0.9219829942,D,#DIV/0!,#DIV/0!,#DIV/0!,0.6533419438,-0.2305648062,C
"Fulton & Montgomery Counties PUMA, New York",1.2505561173,0.9477778899,B,0,0.4937454477,B-,0,0.9650693622,B,0,0.6689833534,B-,1.0251573617,0.9137068059,B,#DIV/0!,#DIV/0!,#DIV/0!,1.3518340925,1.4490666907,A-
"Schenectady County--Schenectady City PUMA, New York",1.0343455912,0.2159784772,C,0,0.4937454477,B-,2.3436727632,-0.3102728483,C-,5.9401015945,-0.184312222,C,0.542149033,-0.5548414487,C-,1.4200236128,-0.9218571006,D,1.122731912,0.898155361,B
"Saratoga County (South & Central) PUMA, New York",0.6662558169,-1.0298807581,D,0,0.4937454477,B-,0.8846244762,0.4836886197,B-,4.9084455114,-0.0361148289,C,0.7601562969,0.1079922293,C,0,0.4587891429,B-,0.6765907369,-0.1746595179,C
"Saratoga County (Outer) PUMA, New York",0.7866380654,-0.6224276133,C-,1.4795836744,-0.1625234263,C,2.8764728127,-0.6002034237,C-,11.4804967859,-0.9801899739,D,0.6516135329,-0.2220233775,C,#DIV/0!,#DIV/0!,#DIV/0!,0.7070952967,-0.1013066253,C
"Rensselaer County--Troy City PUMA, New York",1.2498468088,0.9453771208,B,0,0.4937454477,B-,0,0.9650693622,B,0,0.6689833534,B-,0.9098098017,0.5630017604,B-,0,0.4587891429,B-,1.3599241097,1.4685203778,A-
"Albany County (East Central)--Albany City PUMA, New York",1.0969257481,0.4277911161,B-,0,0.4937454477,B-,4.5015035082,-1.4844865335,D-,26.3908355795,-3.1220600948,E,0.2774486287,-1.3596418913,D-,#DIV/0!,#DIV/0!,#DIV/0!,0,-1.8016257111,E
"Albany County (Outside Albany City) PUMA, New York",0.5311287404,-1.4872401521,D-,7.9711999953,-3.0418778057,E,1.6975667745,0.0413147337,C,8.6749902458,-0.5771789682,C-,0.7703472227,0.1389769253,C,0,0.4587891429,B-,0.3567375532,-0.9437955527,D
"Columbia & Greene Counties PUMA, New York",0.6189114396,-1.1901254423,D,0,0.4937454477,B-,0,0.9650693622,B,0,0.6689833534,B-,0.437820156,-0.8720450683,D,#DIV/0!,#DIV/0!,#DIV/0!,0.9552923486,0.4955212511,B-
"Broome County (West Central)--Greater Binghamton City & Greater Johnson City Village PUMA, New York",0.9468741085,-0.0800828702,C,6.7832516757,-2.5149637018,E,1.8391708656,-0.0357411067,C,2.8892815534,0.2539380674,B-,0.484895935,-0.7289149213,C-,0,0.4587891429,B-,0.3170669314,-1.0391896471,D
"Broome (Outer West) & Tioga Counties PUMA, New York",#DIV/0!,#DIV/0!,#DIV/0!,#DIV/0!,#DIV/0!,#DIV/0!,#DIV/0!,#DIV/0!,#DIV/0!,#DIV/0!,#DIV/0!,#DIV/0!,#DIV/0!,#DIV/0!,#DIV/0!,#DIV/0!,#DIV/0!,#DIV/0!,#DIV/0!,#DIV/0!,#DIV/0!
"Chenango, Delaware & Broome (East) Counties PUMA; New York",0.6811712548,-0.9793970516,D,0,0.4937454477,B-,3.1222879866,-0.7339671779,C-,20.1878589007,-2.2310025144,E,0.2838033432,-1.3403208891,D-,#DIV/0!,#DIV/0!,#DIV/0!,1.2423122563,1.1857046385,B
"Tompkins County PUMA, New York",1.2487187435,0.9415590019,B,0,0.4937454477,B-,1.1625097906,0.3324734515,B-,3.8168181025,0.120697445,C,1.5434553956,2.4895505912,A,0,0.4587891429,B-,0.2711611576,-1.1495771205,D
"Chemung (South) & Steuben (East) Counties--Greater Elmira & Greater Corning Cities PUMA, New York",0,-3.2849310756,E,0,0.4937454477,B-,0,0.9650693622,B,#DIV/0!,#DIV/0!,#DIV/0!,#DIV/0!,#DIV/0!,#DIV/0!,#DIV/0!,#DIV/0!,#DIV/0!,1.5666737109,1.9656815023,A
"Steuben (North & West), Schuyler & Chemung (North) Counties PUMA; New York",1.2133003327,0.8216796755,B,0,0.4937454477,B-,0,0.9650693622,B,0,0.6689833534,B-,0.6202935229,-0.317249367,C-,#DIV/0!,#DIV/0!,#DIV/0!,1.3106683101,1.3500772533,A-
"Cattaraugus & Allegany Counties PUMA, New York",0.1901682913,-2.6412758085,E,3.9002614033,-1.2362142723,D,0.4728149188,0.707780532,B-,11.0846631206,-0.9233284691,D,0.1619720092,-1.7107393317,D-,#DIV/0!,#DIV/0!,#DIV/0!,1.3316190222,1.4004564537,A-
"Chautauqua County PUMA, New York",#DIV/0!,#DIV/0!,#DIV/0!,#DIV/0!,#DIV/0!,#DIV/0!,#DIV/0!,#DIV/0!,#DIV/0!,#DIV/0!,#DIV/0!,#DIV/0!,#DIV/0!,#DIV/0!,#DIV/0!,#DIV/0!,#DIV/0!,#DIV/0!,#DIV/0!,#DIV/0!,#DIV/0!
"Sullivan & Ulster (West) Counties PUMA, New York",0.9556153844,-0.0504966114,C,0,0.4937454477,B-,1.2128450186,0.3050828354,B-,1.7712709889,0.4145402814,B-,1.0513304605,0.993284023,B,0,0.4587891429,B-,0.5101564517,-0.574876282,C-
"Ulster County (East) PUMA, New York",1.0288406281,0.1973460413,C,0,0.4937454477,B-,1.4812021435,0.1590525643,C,4.1787116207,0.0687114422,C,0.6777100841,-0.1426788975,C,6.6933425788,-6.0489465069,E,0.4923340716,-0.6177329282,C-
"Dutchess County (North & East) PUMA, New York",1.0569497994,0.2924860673,B-,2.3244767311,-0.5372754761,C-,3.8999354824,-1.1571349049,D,3.92587099,0.105031998,C,0.6244464984,-0.3046225766,C-,#DIV/0!,#DIV/0!,#DIV/0!,0.6533086466,-0.2306448745,C
"Dutchess County (Southwest) PUMA, New York",0.7217477943,-0.8420592065,D,0.158820048,0.4233008653,B-,3.26722558,-0.8128369901,D,3.3306378924,0.1905372306,C,0.7415560697,0.0514397237,C,0,0.4587891429,B-,0.6451006788,-0.2503821919,C-
"Orange County (Northeast)--Greater Newburgh City PUMA, New York",0.9102564642,-0.2040211959,C,0,0.4937454477,B-,0.3827286654,0.7568022228,B,1.049503453,0.5182221857,B-,0.5704574346,-0.4687720139,C-,4.2103404142,-3.6347981924,E,0.6594918124,-0.215776504,C
"Orange County (Northwest) PUMA, New York",1.1566832213,0.6300499262,B-,0,0.4937454477,B-,1.1016398538,0.3655966763,B-,0.7036506936,0.5679039335,B-,0.686400165,-0.1162574003,C,1.2248292944,-0.7320755365,C-,0.9491800977,0.4808234065,B-
"Orange County (Southeast) PUMA, New York",1.2351148718,0.8955145028,B,0,0.4937454477,B-,0,0.9650693622,B,0,0.6689833534,B-,0.7795911475,0.1670823404,C,0,0.4587891429,B-,1.0355868942,0.6886018005,B-
"Rockland County (North)--New City & Congers PUMA, New York",1.1244678632,0.5210118486,B-,0,0.4937454477,B-,1.1212879834,0.3549048726,B-,3.5129271414,0.1643513806,C,0.5860366252,-0.4214047288,C-,0.3569318349,0.1117550566,C,0.9149587046,0.3985328184,B-
"Rockland County (South)--Orangetown, Clarkstown (South) & Ramapo (Southeast) Towns PUMA; New York",1.1476304668,0.5994094178,B-,0,0.4937454477,B-,0.5906545641,0.643656446,B-,0,0.6689833534,B-,1.3611556872,1.9352828847,A,0,0.4587891429,B-,0.9267190725,0.4268124266,B-
"Rockland County (West)--Spring Valley, Suffern Villages & Monsey PUMA; New York",1.2903884616,1.0825968865,B,1.9448378464,-0.3688867681,C-,0.5649337743,0.6576527724,B-,0.8864339255,0.5416471228,B-,0.8503887412,0.382336771,B-,3.3809803934,-2.8284363918,E,0.5651053715,-0.4427431769,C-
"Putnam County PUMA, New York",0.8693351311,-0.3425260506,C-,0.978154825,0.0598851823,C,6.939267637,-2.8110298724,E,15.063471665,-1.494884304,D-,0.3787099902,-1.0517648075,D,0.0158051093,0.4434223106,B-,0.6391442575,-0.2647053204,C-
"Westchester County (Northwest) PUMA, New York",1.0413711567,0.2397576373,C,1.4473043521,-0.148205943,C,0.6438806985,0.6146927029,B-,1.5458979182,0.4469151223,B-,0.3395922957,-1.1706990338,D,0.0962703862,0.3651883423,B-,0.2814909675,-1.1247375084,D
"Westchester County (Northeast) PUMA, New York",1.0202013453,0.1681049945,C,0,0.4937454477,B-,1.2914431082,0.2623125891,B-,#DIV/0!,#DIV/0!,#DIV/0!,0.3780025222,-1.0539158074,D,0.3031633313,0.1640325552,C,0.7679681965,0.045071598,C
"Westchester County (Southeast) PUMA, New York",1.052651048,0.2779362495,B-,2.0593134975,-0.4196624071,C-,0.9060576684,0.4720254493,B-,#DIV/0!,#DIV/0!,#DIV/0!,0.7397400313,0.045918204,C,0.1204472231,0.3416819311,B-,0.6752533728,-0.1778754147,C
"Westchester County (Central)--White Plains City PUMA, New York",1.0424008346,0.2432427484,C,2.0255765288,-0.4046983853,C-,3.0441538799,-0.6914494143,C-,47.8614600735,-6.2063152361,E,0.5213988106,-0.6179308428,C-,0.1251716167,0.3370885452,B-,0.8795475043,0.3133811564,B-
"Westchester County (Southwest)--Yonkers City PUMA, New York",1.0213050958,0.1718408162,C,1.3144882861,-0.0892954187,C,1.8321709375,-0.0319319983,C,5.2892756988,-0.0908210841,C,0.8254548251,0.3065271899,B-,0.1109102651,0.3509544284,B-,0.5834438453,-0.3986455042,C-
"Westchester County (South Central)--New Rochelle & Mount Vernon Cities PUMA, New York",0.9658073324,-0.0160003189,C,3.9907133537,-1.2763342065,D-,1.8479044715,-0.0404936201,C,4.1310345567,0.0755602523,C,0.6823202024,-0.1286622008,C,0.4187908497,0.0516113973,C,0.5882782907,-0.3870203388,C-
"Nassau County (Northwest)--North Hempstead Town (North) PUMA, New York",1.1852857817,0.7268599072,B-,3.6548435116,-1.1273592436,D,0.2936363461,0.8052830505,B,0.4643826706,0.6022747843,B-,0.7945428878,0.2125419129,C,#DIV/0!,#DIV/0!,#DIV/0!,0.5300272331,-0.5270939407,C-
"Nassau County (Northeast)--Oyster Bay Town (North) & Glen Cove City PUMA, New York",1.2798894877,1.0470614152,B,0,0.4937454477,B-,2.7740140224,-0.5444490445,C-,10.687640505,-0.8662961716,D,0.6864168946,-0.1162065354,C,0.199980282,0.2643543303,B-,0.612366913,-0.3290955522,C-
"Nassau County (East Central)--Oyster Bay Town (Central) PUMA, New York",0.9518078448,-0.0633838436,C,0,0.4937454477,B-,1.2467758653,0.2866188921,B-,#DIV/0!,#DIV/0!,#DIV/0!,1.3305623229,1.8422662035,A,0.68300338,-0.2052744983,C,0.9086795846,0.3834337113,B-
"Nassau County (West Central)--North Hempstead Town (South) PUMA, New York",1.0912179208,0.4084720534,B-,0,0.4937454477,B-,0.3129501695,0.7947731642,B,#DIV/0!,#DIV/0!,#DIV/0!,0.8327581157,0.3287322619,B-,0,0.4587891429,B-,1.0572434911,0.7406784091,B-
"Nassau County (West Central)--Hempstead Town (Northwest) PUMA, New York",1.0374643108,0.2265342869,C,0.2199800778,0.3961733533,B-,0.4925922212,0.6970184371,B-,#DIV/0!,#DIV/0!,#DIV/0!,0.5763767049,-0.4507749452,C-,#DIV/0!,#DIV/0!,#DIV/0!,0.9806703826,0.556546626,B-
"Nassau County (Central)--Hempstead Town (North Central)--Meadowbrook Corridor PUMA, New York",0.8800905941,-0.3061224507,C-,2.801344138,-0.7487898646,C-,1.8162111417,-0.0232472529,C,4.6602572214,-0.0004625818,C,0.441600779,-0.8605503858,D,0.3213342948,0.146365474,C,0.7509549651,0.0041606741,C
"Nassau County (Central)--Hempstead Town (Northeast) PUMA, New York",1.1173280163,0.4968458846,B-,1.4490174628,-0.1489657927,C,0.3771933435,0.7598143454,B,1.1226239156,0.5077184315,B-,0.8344175068,0.3337775079,B-,0.999283912,-0.5127845456,C-,0.7403809078,-0.0212662685,C
"Nassau County (Southeast)--Oyster Bay Town (South) PUMA, New York",1.0354939557,0.2198653021,C,0,0.4937454477,B-,0,0.9650693622,B,0,0.6689833534,B-,0.5947277427,-0.3949800801,C-,#DIV/0!,#DIV/0!,#DIV/0!,1.1334572326,0.9239460393,B
"Nassau County (Central)--Hempstead Town (East Central) PUMA, New York",1.0578767205,0.2956233812,B-,2.0649119352,-0.4221455924,C-,1.1299565128,0.3501877715,B-,0,0.6689833534,B-,0.7790119891,0.1653214557,C,#DIV/0!,#DIV/0!,#DIV/0!,1.1500520064,0.9638507178,B
"Nassau County (South Central)--Hempstead Town (Southeast) PUMA, New York",1.130606402,0.5417887236,B-,0.8258660343,0.1274328276,C,4.190111164,-1.3150380479,D-,11.5544712313,-0.9908164027,D,0.4438243841,-0.8537896921,D,0.2941713281,0.1727752094,C,0.8173062566,0.1637125304,C
"Nassau County (West Central)--Hempstead Town (West Central) PUMA, New York",1.1383876501,0.5681256134,B-,1.310006898,-0.0873077004,C,1.3471617068,0.2319925368,C,3.155126634,0.2157494224,C,0.7620519056,0.1137556761,C,0,0.4587891429,B-,1.1238092551,0.9007459976,B
"Nassau County (Southwest)--Hempstead Town (Southwest) & Long Beach City PUMA, New York",0.7095586457,-0.8833153468,D,0.6674392625,0.1977029725,C,12.7032460107,-5.9475790682,E,7.0047377803,-0.3372472067,C-,1.0599481478,1.0194854131,B,0.096125658,0.3653290572,B-,1.0876371269,0.8137645677,B
"Suffolk County (Northwest)--Huntington Town (North) PUMA, New York",0.8507661551,-0.4053757463,C-,0,0.4937454477,B-,0.715379634,0.5757855603,B-,0,0.6689833534,B-,0.7708713242,0.140570414,C,0.1093146856,0.3525057624,B-,0.9457156962,0.4724927217,B-
"Suffolk County (Northwest)--Huntington Town (South) PUMA, New York",1.2060313347,0.7970765787,B,2.3249436406,-0.5374825736,C-,4.1333297593,-1.2841396548,D-,7.2119606103,-0.3670147656,C-,0.6033323076,-0.3688185876,C-,#DIV/0!,#DIV/0!,#DIV/0!,1.0944296667,0.8300982716,B
"Suffolk County (Northwest)--Smithtown Town PUMA, New York",1.2538917284,0.9590678041,B,0,0.4937454477,B-,0,0.9650693622,B,0,0.6689833534,B-,0.974149,0.7586199553,B,#DIV/0!,#DIV/0!,#DIV/0!,0.8341485929,0.2042125111,C
"Suffolk County (North Central)--Brookhaven Town (North) PUMA, New York",0.7900581663,-0.6108517301,C-,0,0.4937454477,B-,3.5150365982,-0.9476868107,D,0,0.6689833534,B-,2.0217783362,3.9438532973,A,0,0.4587891429,B-,0.6315651171,-0.282930526,C-
"Suffolk County (East) PUMA, New York",1.0230765898,0.1778367237,C,0,0.4937454477,B-,2.0556394636,-0.1535355124,C,9.5807648271,-0.7072934839,C-,0.5437292319,-0.55003698,C-,0,0.4587891429,B-,0.365830987,-0.9219289964,D
"Suffolk County (South Central)--Brookhaven Town (South) PUMA, New York",1.1879408048,0.7358462612,B-,0,0.4937454477,B-,0.694158408,0.5873333863,B-,0.852123165,0.5465758635,B-,0.7796846341,0.1673665792,C,2.3824464931,-1.857591917,E,1.06255939,0.7534613034,B
"Suffolk County (Central)--Brookhaven Town (Central) PUMA, New York",1.1134693474,0.4837855974,B-,0,0.4937454477,B-,1.607463371,0.090345757,C,0,0.6689833534,B-,0.6996829924,-0.0758720242,C,#DIV/0!,#DIV/0!,#DIV/0!,0.4830650299,-0.6400217607,C-
"Suffolk County (Central)--Brookhaven Town (West Central) PUMA, New York",0.4065740251,-1.908815684,E,2.1331908499,-0.4524306836,C-,0.9014596286,0.4745275368,B-,9.7896310009,-0.7372971092,C-,0.7459099044,0.0646772105,C,#DIV/0!,#DIV/0!,#DIV/0!,1.0115393061,0.6307756867,B-
"Suffolk County (Central)--Islip Town (East) PUMA, New York",1.2596046496,0.9784041077,B,0,0.4937454477,B-,3.3488932641,-0.857277599,D,31.5709587474,-3.8661847716,E,0.6423483807,-0.2501933328,C-,1.2506269592,-0.75715783,D,0.6330005888,-0.2794787142,C-
"Suffolk County (Central)--Islip Town (Northwest) PUMA, New York",0.9706837895,0.0005048371,C,0.1277628575,0.4370762723,B-,1.0509369692,0.3931873579,B-,3.5163615584,0.1638580266,C,0.8859581609,0.4904827511,B-,0.9267634838,-0.4422751148,C-,1.0243360697,0.6615474675,B-
"Suffolk County (Southwest)--Islip Town (South) PUMA, New York",1.0875380162,0.3960168226,B-,0.7397849462,0.1656140672,C,4.3434453516,-1.3984769839,D-,15.3462252475,-1.5355018553,D-,0.587030137,-0.4183840355,C-,0,0.4587891429,B-,0.7279009577,-0.0512762226,C
"Suffolk County (Southwest)--Babylon Town (Southeast) PUMA, New York",0.9941011992,0.0797648388,C,0.8738234876,0.1061613143,C,3.7843380615,-1.0942309566,D,#DIV/0!,#DIV/0!,#DIV/0!,0.5265622443,-0.6022318348,C-,#DIV/0!,#DIV/0!,#DIV/0!,0.9997665663,0.6024663284,B-
"Suffolk County (West Central)--Babylon Town (Northwest) PUMA, New York",1.0038271728,0.1126839657,C,0,0.4937454477,B-,2.8728286823,-0.5982204194,C-,#DIV/0!,#DIV/0!,#DIV/0!,0.8242172146,0.3027643341,B-,0.7466409615,-0.2671474045,C-,0.887786429,0.3331929142,B-
"NYC-Bronx Community District 8--Riverdale, Fieldston & Kingsbridge PUMA; New York",1.06728106,0.3274538857,B-,0.0601211362,0.4670787366,B-,0.6930147856,0.5879557044,B-,#DIV/0!,#DIV/0!,#DIV/0!,0.676308834,-0.1469392864,C,0.3493703218,0.1191068883,C,0.6053381469,-0.3459972982,C-
"NYC-Bronx Community District 12--Wakefield, Williamsbridge & Woodlawn PUMA; New York",0.8321392284,-0.4684215852,C-,0.7986783711,0.1394919071,C,1.3610235478,0.2244494228,C,#DIV/0!,#DIV/0!,#DIV/0!,0.8866271385,0.4925167241,B-,0,0.4587891429,B-,2.116098434,3.2868575124,A
"NYC-Bronx Community District 10--Co-op City, Pelham Bay & Schuylerville PUMA; New York",0.7544409904,-0.731403809,C-,#DIV/0!,#DIV/0!,#DIV/0!,1.9041041731,-0.0710754713,C,#DIV/0!,#DIV/0!,#DIV/0!,0.7193787505,-0.0159886444,C,0.1214102051,0.3407456526,B-,0.6340008696,-0.2770733854,C-
"NYC-Bronx Community District 11--Pelham Parkway, Morris Park & Laconia PUMA; New York",0.9348067638,-0.1209267456,C,0.0840661238,0.4564579448,B-,1.0221369592,0.4088592848,B-,0.8378947023,0.5486197821,B-,0.6853586636,-0.1194240022,C,0.139911029,0.322757858,B-,0.5167927702,-0.5589182364,C-
"NYC-Bronx Community District 3 & 6--Belmont, Crotona Park East & East Tremont PUMA; New York",1.1023218904,0.4460552304,B-,#DIV/0!,#DIV/0!,#DIV/0!,0.7122024524,0.5775144679,B-,#DIV/0!,#DIV/0!,#DIV/0!,0.7072437148,-0.0528842515,C,0.6603004611,-0.1832011332,C,#DIV/0!,#DIV/0!,#DIV/0!
"NYC-Bronx Community District 7--Bedford Park, Fordham North & Norwood PUMA; New York",1.2608071366,0.9824741187,B,#DIV/0!,#DIV/0!,#DIV/0!,#DIV/0!,#DIV/0!,#DIV/0!,#DIV/0!,#DIV/0!,#DIV/0!,0.6516204079,-0.2220024746,C,0.4325550194,0.0382289091,C,0.0637250891,-1.648388961,D-
"NYC-Bronx Community District 5--Morris Heights, Fordham South & Mount Hope PUMA; New York",0.9403007075,-0.1023316064,C,#DIV/0!,#DIV/0!,#DIV/0!,0.5054366388,0.6900289682,B-,0.4710526839,0.6013166369,B-,1.9087987051,3.6003477506,A,0.0858956957,0.3752753418,B-,#DIV/0!,#DIV/0!,#DIV/0!
"NYC-Bronx Community District 4--Concourse, Highbridge & Mount Eden PUMA; New York",0.836004006,-0.4553406218,C-,0.4965543802,0.2734989083,B-,1.624553098,0.0810461438,C,3.6140960367,0.1498184691,C,0.9735357769,0.7567554996,B,#DIV/0!,#DIV/0!,#DIV/0!,0.0749584029,-1.6213767351,D-
"NYC-Bronx Community District 9--Castle Hill, Clason Point & Parkchester PUMA; New York",0.75,-0.7464350575,C-,0.9459845973,0.0741542768,C,0.4694911305,0.7095892178,B-,0.6510522204,0.575459704,B-,0.9018744733,0.5388750282,B-,0.5792166113,-0.1043657451,C,0.6064073227,-0.3434263011,C-
"NYC-Bronx Community District 1 & 2--Hunts Point, Longwood & Melrose PUMA; New York",1.8358831193,2.9289115751,A,#DIV/0!,#DIV/0!,#DIV/0!,2.0972459738,-0.1761762751,C,#DIV/0!,#DIV/0!,#DIV/0!,1.2516056362,1.6022047025,A-,#DIV/0!,#DIV/0!,#DIV/0!,0.2832838056,-1.1204263541,D
"NYC-Manhattan Community District 12--Washington Heights, Inwood & Marble Hill PUMA; New York",0.9535458363,-0.0575013308,C,0.4797432156,0.2809554951,B-,1.0402732022,0.3989901953,B-,1.9185366068,0.3933855759,B-,0.4173660465,-0.9342341549,D,0.3250727383,0.1427306978,C,0,-1.8016257111,E
"NYC-Manhattan Community District 9--Hamilton Heights, Manhattanville & West Harlem PUMA; New York",1.3908269596,1.4225471895,A-,#DIV/0!,#DIV/0!,#DIV/0!,1.2539498222,0.2827150834,B-,#DIV/0!,#DIV/0!,#DIV/0!,0.2650847334,-1.3972333274,D-,0.1471622652,0.3157076992,B-,0.4513370782,-0.7163164864,C-
"NYC-Manhattan Community District 10--Central Harlem PUMA, New York",0.7838625702,-0.6318217248,C-,#DIV/0!,#DIV/0!,#DIV/0!,1.9083076384,-0.0733628456,C,#DIV/0!,#DIV/0!,#DIV/0!,0.5350133137,-0.5765370333,C-,0.0031654217,0.4557114987,B-,0.2382322006,-1.2287598478,D
"NYC-Manhattan Community District 11--East Harlem PUMA, New York",0.8616375345,-0.3685798085,C-,0.5093158068,0.2678385816,B-,0.7260629873,0.5699720646,B-,0.6338232852,0.5779346405,B-,0.8441729645,0.3634381981,B-,0.2228737431,0.2420957066,C,0.17,-1.3928346387,D-
"NYC-Manhattan Community District 8--Upper East Side PUMA, New York",0.5779363826,-1.3288121343,D-,0,0.4937454477,B-,10.1976817891,-4.5841413634,E,17.5755722361,-1.8557475432,E,0.4275713403,-0.9032057741,D,0,0.4587891429,B-,0,-1.8016257111,E
"NYC-Manhattan Community District 7--Upper West Side & West Side PUMA, New York",0.9319399404,-0.1306299718,C,0,0.4937454477,B-,1.0814323242,0.3765928852,B-,0,0.6689833534,B-,0.5525526493,-0.523210084,C-,0.009633844,0.4494224462,B-,0,-1.8016257111,E
"NYC-Manhattan Community District 4 & 5--Chelsea, Clinton & Midtown Business District PUMA; New York",1.0212772252,0.1717464839,C,0.5846192832,0.2344377483,C,1.3852832129,0.2112481878,C,#DIV/0!,#DIV/0!,#DIV/0!,0.5094472737,-0.6542685364,C-,0.0241580488,0.4353009988,B-,0,-1.8016257111,E
"NYC-Manhattan Community District 6--Murray Hill, Gramercy & Stuyvesant Town PUMA; New York",0.7645551015,-0.6971709678,C-,0,0.4937454477,B-,4.2151311987,-1.3286530486,D-,#DIV/0!,#DIV/0!,#DIV/0!,0.717633118,-0.0212961009,C,0.5761967533,-0.101429628,C,0,-1.8016257111,E
"NYC-Manhattan Community District 3--Chinatown & Lower East Side PUMA, New York",0.9963775639,0.0874695625,C,0.3975880145,0.3173954087,B-,0.3475421442,0.7759494589,B,0,0.6689833534,B-,0.7452080476,0.0625432707,C,0.114258573,0.3476989694,B-,0.7645040155,0.0367414436,C
"NYC-Manhattan Community District 1 & 2--Battery Park City, Greenwich Village & Soho PUMA; New York",0.6886878482,-0.9539559284,D,0,0.4937454477,B-,1.0134293287,0.4135976634,B-,0,0.6689833534,B-,0.810283464,0.2603998779,B-,0.0044855367,0.4544279905,B-,1.813989485,2.5603902112,A
"NYC-Staten Island Community District 3--Tottenville, Great Kills & Annadale PUMA; New York",0.9449971332,-0.0864357959,C,1.8908779987,-0.3449528946,C-,1.3394308085,0.2361994129,C,3.8071048648,0.1220927516,C,0.6848362142,-0.121012468,C,#DIV/0!,#DIV/0!,#DIV/0!,0.4946240531,-0.6122263166,C-
"NYC-Staten Island Community District 2--New Springville & South Beach PUMA, New York",1.2692876347,1.0111777331,B,1.5052067408,-0.1738885293,C,0.9600321841,0.4426544641,B-,4.8816287336,-0.0322625988,C,0.5556746768,-0.5137178087,C-,5.0996463597,-4.4994436124,E,0.8344150757,0.2048533098,C
"NYC-Staten Island Community District 1--Port Richmond, Stapleton & Mariner's Harbor PUMA; New York",1.0568512349,0.2921524596,B-,0.3372529071,0.3441570267,B-,1.9595470941,-0.1012455098,C,4.339882848,0.0455591959,C,0.7546156517,0.0911463397,C,0.807185522,-0.3260130595,C-,0.7148163311,-0.0827402139,C
"NYC-Brooklyn Community District 1--Greenpoint & Williamsburg PUMA, New York",1.1116571832,0.477652035,B-,0,0.4937454477,B-,0.9305495106,0.458697872,B-,1.4209887698,0.4648583211,B-,0.925689709,0.6112833505,B-,0.154784926,0.3082964154,B-,0.753526336,0.0103439296,C
"NYC-Brooklyn Community District 4--Bushwick PUMA, New York",1.194257015,0.7572244938,B,0.3375854913,0.344009509,B-,2.3372203808,-0.3067616944,C-,15.1709401709,-1.5103221546,D-,0.7955588708,0.2156309282,C,0.1087155364,0.3530882971,B-,1.2407380147,1.181919133,B
"NYC-Brooklyn Community District 3--Bedford-Stuyvesant PUMA, New York",1.2302494668,0.8790467547,B,1.5788834951,-0.2065678305,C,1.0043808826,0.4185215015,B-,0.9793124276,0.5283051263,B-,0.8513901085,0.3853813482,B-,0.0265640575,0.4329617089,B-,0.6599523473,-0.2146690773,C
"NYC-Brooklyn Community District 2--Brooklyn Heights & Fort Greene PUMA, New York",0.9782428168,0.0260895846,C,0.8189816654,0.1304863873,C,1.0998076187,0.3665937126,B-,3.9567795369,0.1005919854,C,0.3445547537,-1.1556110764,D,0.0372304744,0.4225910725,B-,0.3474251483,-0.9661886585,D
"NYC-Brooklyn Community District 6--Park Slope, Carroll Gardens & Red Hook PUMA; New York",0.7466745198,-0.7576906818,D,0,0.4937454477,B-,5.4439837675,-1.997350307,E,7.9684384078,-0.4756827989,C-,0.3790619626,-1.0506946635,D,0.1937340725,0.2704273319,B-,1.1230199779,0.8988480596,B
"NYC-Brooklyn Community District 8--Crown Heights North & Prospect Heights PUMA, New York",1.0130888391,0.1440315698,C,#DIV/0!,#DIV/0!,#DIV/0!,2.1580475508,-0.2092623009,C,3.1925833877,0.2103687598,C,0.5926930671,-0.4011663487,C-,0.1328761875,0.3295976229,B-,0.7791877569,0.0720507517,C
"NYC-Brooklyn Community District 16--Brownsville & Ocean Hill PUMA, New York",0.6767937944,-0.9942132726,D,#DIV/0!,#DIV/0!,#DIV/0!,0.3727192982,0.7622489595,B,0.1284275904,0.6505347305,B-,1.7153689664,3.0122400758,A,1.5891437861,-1.086287558,D,0.8686875,0.2872666104,B-
"NYC-Brooklyn Community District 5--East New York & Starrett City PUMA, New York",1.3210367595,1.186330996,B,#DIV/0!,#DIV/0!,#DIV/0!,2.5569958792,-0.4263555961,C-,#DIV/0!,#DIV/0!,#DIV/0!,0.436992991,-0.8745599974,D,2.396957776,-1.8717008009,E,0.3460841625,-0.9694132646,D
"NYC-Brooklyn Community District 18--Canarsie & Flatlands PUMA, New York",0.8594992627,-0.3758171344,C-,0.8909174334,0.0985793,C,2.9918399299,-0.662982049,C-,4.9289890363,-0.0390659062,C,0.6731096236,-0.1566662302,C,0.1972233565,0.267034806,B-,0.7188513058,-0.0730374985,C
"NYC-Brooklyn Community District 17--East Flatbush, Farragut & Rugby PUMA; New York",0.7942911513,-0.5965245093,C-,0.3290605,0.3477907663,B-,1.5680342385,0.1118016692,C,#DIV/0!,#DIV/0!,#DIV/0!,0.8358523958,0.3381401736,B-,#DIV/0!,#DIV/0!,#DIV/0!,0.0949885849,-1.5732110906,D-
"NYC-Brooklyn Community District 9--Crown Heights South, Prospect Lefferts & Wingate PUMA; New York",1.1156274189,0.4910899384,B-,3.8692586491,-1.2224630104,D,0.9012714975,0.474629911,B-,0.9229736395,0.536398193,B-,0.7605596655,0.1092186393,C,0.0562597256,0.404089504,B-,0.1013745825,-1.5578549799,D-
"NYC-Brooklyn Community District 7--Sunset Park & Windsor Terrace PUMA, New York",1.1401554476,0.5741090095,B-,1.4562382427,-0.1521685674,C,0.9213027778,0.4637296105,B-,1.8107227374,0.4088730379,B-,0.525633351,-0.6050560608,C-,0.3138789602,0.1536140716,C,0.5014271654,-0.5958671896,C-
"NYC-Brooklyn Community District 10--Bay Ridge & Dyker Heights PUMA, New York",0.6892326958,-0.9521118038,D,0.166133026,0.4200571962,B-,2.85211367,-0.5869480566,C-,3.934206931,0.1038345401,C,0.5319593299,-0.5858224272,C-,0.1345200439,0.3279993507,B-,0.5034969627,-0.5908900446,C-
"NYC-Brooklyn Community District 12--Borough Park, Kensington & Ocean Parkway PUMA; New York",0.8159905733,-0.523079314,C-,0.6208245167,0.2183789283,C,0.9577132376,0.4439163512,B-,0.7191598931,0.565676037,B-,0.6074784926,-0.3562124432,C-,0.174222284,0.2893980569,B-,0.4749681111,-0.6594920438,C-
"NYC-Brooklyn Community District 14--Flatbush & Midwood PUMA, New York",1.14132536,0.5780687667,B-,0.9375295116,0.0779045273,C,1.0242579201,0.4077051344,B-,2.3307557501,0.3341702972,B-,0.617834771,-0.3247250057,C-,0.182155314,0.2816850104,B-,0.1397946901,-1.465467939,D-
"NYC-Brooklyn Community District 15--Sheepshead Bay, Gerritsen Beach & Homecrest PUMA; New York",0.8524996711,-0.3995083815,C-,0.5514061931,0.249169404,C,2.9983486682,-0.6665238697,C-,3.4150637378,0.1784094582,C,0.5979396864,-0.385214422,C-,0.2700968905,0.1961820609,C,0.8485130654,0.2387540883,C
"NYC-Brooklyn Community District 11--Bensonhurst & Bath Beach PUMA, New York",1.114378825,0.4868638708,B-,0.2333322069,0.3902510206,B-,1.779695145,-0.0033765642,C,15.2151105552,-1.5166672301,D-,0.6646295478,-0.1824492236,C,0.3947805317,0.0749559072,C,1.35104313,1.4471647001,A-
"NYC-Brooklyn Community District 13--Brighton Beach & Coney Island PUMA, New York",1.1693148628,0.6728037553,B-,0,0.4937454477,B-,1.5861958845,0.1019187563,C,1.9033400198,0.3955685656,B-,0.9864423438,0.7959968856,B,0.0576505812,0.402737217,B-,0.6922074796,-0.1371066649,C
"NYC-Queens Community District 1--Astoria & Long Island City PUMA, New York",0.8565228808,-0.3858911791,C-,0.4566118938,0.2912153856,B-,1.593183464,0.0981163675,C,0.8645648301,0.5447886183,B-,0.8308805872,0.3230237865,B-,0.0736365912,0.3871945003,B-,0.4361154751,-0.7529191655,D
"NYC-Queens Community District 3--Jackson Heights & North Corona PUMA, New York",1.0306539208,0.203483423,C,1.1221467778,-0.0039824031,C,1.4573581559,0.1720276026,C,1.6651546748,0.4297838896,B-,0.7118029965,-0.0390221195,C,0.2631244327,0.2029611719,C,0.7511479908,0.0046248339,C
"NYC-Queens Community District 7--Flushing, Murray Hill & Whitestone PUMA; New York",1.0407544527,0.2376703032,C,0.5237824547,0.2614219044,B-,2.3379487994,-0.3071580736,C-,2.5559557434,0.3018203189,B-,0.6404313411,-0.2560219387,C-,0.0573369793,0.4030421227,B-,0.5357347457,-0.5133693511,C-
"NYC-Queens Community District 11--Bayside, Douglaston & Little Neck PUMA; New York",1.0771070869,0.3607116591,B-,1.0372579361,0.033670016,C,1.4318227813,0.1859230327,C,1.3195188709,0.4794344718,B-,0.7501454231,0.0775549667,C,0,0.4587891429,B-,0.9651046231,0.51911637,B-
"NYC-Queens Community District 13--Queens Village, Cambria Heights & Rosedale PUMA; New York",0.8732307942,-0.3293405504,C-,2.0606463176,-0.4202535791,C-,1.4236063813,0.1903941014,C,#DIV/0!,#DIV/0!,#DIV/0!,0.5197480581,-0.6229498238,C-,0.0164680698,0.442777734,B-,0.875465581,0.3035655458,B-
"NYC-Queens Community District 8--Briarwood, Fresh Meadows & Hillcrest PUMA; New York",0.9170665044,-0.1809715159,C,2.5752216482,-0.6484933053,C-,1.54580918,0.1238957447,C,#DIV/0!,#DIV/0!,#DIV/0!,0.7201473512,-0.0136517756,C,0.0545981007,0.405705052,B-,1.0367212348,0.6913294964,B-
"NYC-Queens Community District 4--Elmhurst & South Corona PUMA, New York",1.0180580965,0.1608508232,C,#DIV/0!,#DIV/0!,#DIV/0!,0.6384564649,0.6176443752,B-,#DIV/0!,#DIV/0!,#DIV/0!,0.6434331989,-0.2468950298,C,1.1373574715,-0.6470293143,C-,0.3757990347,-0.897959297,D
"NYC-Queens Community District 6--Forest Hills & Rego Park PUMA, New York",0.9530193497,-0.0592833096,C,0.436491324,0.300139858,B-,0.1928609696,0.8601213767,B,0,0.6689833534,B-,0.4594304802,-0.8063406031,D,0.0262433949,0.4332734795,B-,1.3960303262,1.5553433127,A-
"NYC-Queens Community District 2--Sunnyside & Woodside PUMA, New York",0.8614940264,-0.3690655347,C-,1.5619914313,-0.1990753609,C,2.0200757868,-0.1341830419,C,1.5299128746,0.4492113738,B-,0.576325099,-0.4509318488,C-,0.0609780096,0.3995020584,B-,0.422529296,-0.785589217,D
"NYC-Queens Community District 5--Ridgewood, Glendale & Middle Village PUMA; New York",0.9450820053,-0.0861485327,C,0.5820243663,0.2355887229,C,2.2344422548,-0.2508335442,C-,4.7112093074,-0.0077818488,C,0.7631177776,0.1169963749,C,0.2032123868,0.261211852,B-,0.5263487988,-0.5359392999,C-
"NYC-Queens Community District 9--Richmond Hill & Woodhaven PUMA, New York",1.036521843,0.2233443524,C,2.1802161433,-0.4732887377,C-,2.4022652431,-0.3421567631,C-,9.797372462,-0.73840917,C-,0.5457782593,-0.5438070757,C-,0.0351076831,0.4246549987,B-,0.908291833,0.3825013031,B-
"NYC-Queens Community District 12--Jamaica, Hollis & St. Albans PUMA; New York",1.3350330549,1.2337037162,B,0.8786740604,0.1040098442,C,1.1007288601,0.3660924062,B-,0.169286578,0.644665337,B-,1.6251166004,2.7378349638,A,#DIV/0!,#DIV/0!,#DIV/0!,1.8669274023,2.6876875522,A
"NYC-Queens Community District 10--Howard Beach & Ozone Park PUMA, New York",1.1544787751,0.6225886224,B-,0.7491298578,0.1614691346,C,5.0340560514,-1.774282425,E,#DIV/0!,#DIV/0!,#DIV/0!,0.7127971978,-0.0359993299,C,#DIV/0!,#DIV/0!,#DIV/0!,0.9407918746,0.4606526375,B-
"NYC-Queens Community District 14--Far Rockaway, Breezy Point & Broad Channel PUMA; New York",0.4749437066,-1.677407465,D-,0,0.4937454477,B-,2.9570406282,-0.6440455238,C-,0,0.6689833534,B-,0.8454425126,0.3672981576,B-,0.7222897742,-0.2434714777,C,0.4937628974,-0.6142970976,C-
